# Region type : patch outlet
# Faces         : 1620
# Area          : 5.00000000e-04
# Scale factor  : 1.00000000e+00
# Time          	areaAverage(T)
1               	7.70003136e+01
2               	7.70006438e+01
3               	7.70009907e+01
4               	7.70013552e+01
5               	7.70017385e+01
6               	7.70021419e+01
7               	7.70025668e+01
8               	7.70030149e+01
9               	7.70034877e+01
10              	7.70039869e+01
11              	7.70045144e+01
12              	7.70050722e+01
13              	7.70056630e+01
14              	7.70062677e+01
15              	7.70064261e+01
16              	7.70070574e+01
17              	7.70068252e+01
18              	7.70078690e+01
19              	7.70078998e+01
20              	7.70077177e+01
21              	7.70085843e+01
22              	7.70089684e+01
23              	7.70091751e+01
24              	7.70090313e+01
25              	7.70098197e+01
26              	7.70101390e+01
27              	7.70093645e+01
28              	7.70111996e+01
29              	7.70105248e+01
30              	7.70114931e+01
31              	7.70122409e+01
32              	7.70121615e+01
33              	7.70120087e+01
34              	7.70142320e+01
35              	7.70140599e+01
36              	7.70129458e+01
37              	7.70140741e+01
38              	7.70141028e+01
39              	7.70162926e+01
40              	7.70160189e+01
41              	7.70142471e+01
42              	7.70161452e+01
43              	7.70177114e+01
44              	7.70156659e+01
45              	7.70176002e+01
46              	7.70186133e+01
47              	7.70176915e+01
48              	7.70189596e+01
49              	7.70178063e+01
50              	7.70179325e+01
51              	7.70201374e+01
52              	7.70201974e+01
53              	7.70206743e+01
54              	7.70200839e+01
55              	7.70191699e+01
56              	7.70222770e+01
57              	7.70231726e+01
58              	7.70229710e+01
59              	7.70211303e+01
60              	7.70232243e+01
61              	7.70233521e+01
62              	7.70229568e+01
63              	7.70254173e+01
64              	7.70241866e+01
65              	7.70258323e+01
66              	7.70256443e+01
67              	7.70230494e+01
68              	7.70275404e+01
69              	7.70284105e+01
70              	7.70272382e+01
71              	7.70259616e+01
72              	7.70261662e+01
73              	7.70285688e+01
74              	7.70304163e+01
75              	7.70275178e+01
76              	7.70292274e+01
77              	7.70304341e+01
78              	7.70311740e+01
79              	7.70284528e+01
80              	7.70306169e+01
81              	7.70333035e+01
82              	7.70320523e+01
83              	7.70313452e+01
84              	7.70304403e+01
85              	7.70335790e+01
86              	7.70340189e+01
87              	7.70346093e+01
88              	7.70330915e+01
89              	7.70345611e+01
90              	7.70346201e+01
91              	7.70363696e+01
92              	7.70354865e+01
93              	7.70363772e+01
94              	7.70378621e+01
95              	7.70373065e+01
96              	7.70360897e+01
97              	7.70389684e+01
98              	7.70383306e+01
99              	7.70390558e+01
100             	7.70370792e+01
101             	7.70404109e+01
102             	7.70406197e+01
103             	7.70413189e+01
104             	7.70385308e+01
105             	7.70413475e+01
106             	7.70429520e+01
107             	7.70436802e+01
108             	7.70412506e+01
109             	7.70412422e+01
110             	7.70443307e+01
111             	7.70459398e+01
112             	7.70418861e+01
113             	7.70449951e+01
114             	7.70447473e+01
115             	7.70483795e+01
116             	7.70450892e+01
117             	7.70456124e+01
118             	7.70471735e+01
119             	7.70477197e+01
120             	7.70471886e+01
121             	7.70492273e+01
122             	7.70498867e+01
123             	7.70479357e+01
124             	7.70500177e+01
125             	7.70501192e+01
126             	7.70526916e+01
127             	7.70511539e+01
128             	7.70511705e+01
129             	7.70515093e+01
130             	7.70518401e+01
131             	7.70542207e+01
132             	7.70528627e+01
133             	7.70544925e+01
134             	7.70556289e+01
135             	7.70538162e+01
136             	7.70558397e+01
137             	7.70572694e+01
138             	7.70559486e+01
139             	7.70577731e+01
140             	7.70561203e+01
141             	7.70583370e+01
142             	7.70582779e+01
143             	7.70591392e+01
144             	7.70607007e+01
145             	7.70598566e+01
146             	7.70596804e+01
147             	7.70609088e+01
148             	7.70641921e+01
149             	7.70614982e+01
150             	7.70619835e+01
151             	7.70628317e+01
152             	7.70650572e+01
153             	7.70649547e+01
154             	7.70628750e+01
155             	7.70660694e+01
156             	7.70675981e+01
157             	7.70658561e+01
158             	7.70668667e+01
159             	7.70686072e+01
160             	7.70687173e+01
161             	7.70690565e+01
162             	7.70680242e+01
163             	7.70725329e+01
164             	7.70684595e+01
165             	7.70707934e+01
166             	7.70732969e+01
167             	7.70721379e+01
168             	7.70711046e+01
169             	7.70737931e+01
170             	7.70747377e+01
171             	7.70741760e+01
172             	7.70758006e+01
173             	7.70756779e+01
174             	7.70740263e+01
175             	7.70781913e+01
176             	7.70774781e+01
177             	7.70775735e+01
178             	7.70784650e+01
179             	7.70800159e+01
180             	7.70786351e+01
181             	7.70799144e+01
182             	7.70813804e+01
183             	7.70790553e+01
184             	7.70816079e+01
185             	7.70845071e+01
186             	7.70831536e+01
187             	7.70835004e+01
188             	7.70844378e+01
189             	7.70848601e+01
190             	7.70849465e+01
191             	7.70874434e+01
192             	7.70870769e+01
193             	7.70860047e+01
194             	7.70869977e+01
195             	7.70878537e+01
196             	7.70879300e+01
197             	7.70890765e+01
198             	7.70894810e+01
199             	7.70916411e+01
200             	7.70913252e+01
201             	7.70888718e+01
202             	7.70924585e+01
203             	7.70944803e+01
204             	7.70909440e+01
205             	7.70948313e+01
206             	7.70936468e+01
207             	7.70967784e+01
208             	7.70947564e+01
209             	7.70946745e+01
210             	7.70954109e+01
211             	7.70964674e+01
212             	7.70990937e+01
213             	7.70980072e+01
214             	7.70985544e+01
215             	7.70982250e+01
216             	7.70991558e+01
217             	7.71004657e+01
218             	7.70981975e+01
219             	7.71033754e+01
220             	7.71013986e+01
221             	7.71009237e+01
222             	7.71030064e+01
223             	7.71033815e+01
224             	7.71027566e+01
225             	7.71044170e+01
226             	7.71044377e+01
227             	7.71058423e+01
228             	7.71070704e+01
229             	7.71072285e+01
230             	7.71043750e+01
231             	7.71094293e+01
232             	7.71071878e+01
233             	7.71075664e+01
234             	7.71080855e+01
235             	7.71097363e+01
236             	7.71102337e+01
237             	7.71102395e+01
238             	7.71105917e+01
239             	7.71100290e+01
240             	7.71141671e+01
241             	7.71117531e+01
242             	7.71106742e+01
243             	7.71149417e+01
244             	7.71147427e+01
245             	7.71121492e+01
246             	7.71158583e+01
247             	7.71153699e+01
248             	7.71153012e+01
249             	7.71190367e+01
250             	7.71140261e+01
251             	7.71167490e+01
252             	7.71177436e+01
253             	7.71174391e+01
254             	7.71188215e+01
255             	7.71219791e+01
256             	7.71180689e+01
257             	7.71191316e+01
258             	7.71201783e+01
259             	7.71230602e+01
260             	7.71207840e+01
261             	7.71228928e+01
262             	7.71201668e+01
263             	7.71225760e+01
264             	7.71250771e+01
265             	7.71247075e+01
266             	7.71228712e+01
267             	7.71268146e+01
268             	7.71237740e+01
269             	7.71232825e+01
270             	7.71272473e+01
271             	7.71278917e+01
272             	7.71262581e+01
273             	7.71292787e+01
274             	7.71301110e+01
275             	7.71281652e+01
276             	7.71268629e+01
277             	7.71300883e+01
278             	7.71287326e+01
279             	7.71318053e+01
280             	7.71313363e+01
281             	7.71324401e+01
282             	7.71302668e+01
283             	7.71318490e+01
284             	7.71341290e+01
285             	7.71324591e+01
286             	7.71340592e+01
287             	7.71342677e+01
288             	7.71361357e+01
289             	7.71357822e+01
290             	7.71326627e+01
291             	7.71376283e+01
292             	7.71375609e+01
293             	7.71357677e+01
294             	7.71349401e+01
295             	7.71401753e+01
296             	7.71390810e+01
297             	7.71364059e+01
298             	7.71407699e+01
299             	7.71394061e+01
300             	7.71410614e+01
301             	7.71401980e+01
302             	7.71417006e+01
303             	7.71434290e+01
304             	7.71394363e+01
305             	7.71412999e+01
306             	7.71465179e+01
307             	7.71429864e+01
308             	7.71440750e+01
309             	7.71443028e+01
310             	7.71440834e+01
311             	7.71449072e+01
312             	7.71478813e+01
313             	7.71461747e+01
314             	7.71483219e+01
315             	7.71453335e+01
316             	7.71470700e+01
317             	7.71459334e+01
318             	7.71478139e+01
319             	7.71512395e+01
320             	7.71533309e+01
321             	7.71473194e+01
322             	7.71526144e+01
323             	7.71542881e+01
324             	7.71523562e+01
325             	7.71527971e+01
326             	7.71523469e+01
327             	7.71489710e+01
328             	7.71543619e+01
329             	7.71521683e+01
330             	7.71567912e+01
331             	7.71577177e+01
332             	7.71613320e+01
333             	7.71542496e+01
334             	7.71575607e+01
335             	7.71562932e+01
336             	7.71592194e+01
337             	7.71588223e+01
338             	7.71581187e+01
339             	7.71575382e+01
340             	7.71627720e+01
341             	7.71577971e+01
342             	7.71625626e+01
343             	7.71638415e+01
344             	7.71630257e+01
345             	7.71599861e+01
346             	7.71657246e+01
347             	7.71618786e+01
348             	7.71618659e+01
349             	7.71652507e+01
350             	7.71664482e+01
351             	7.71648803e+01
352             	7.71699495e+01
353             	7.71664712e+01
354             	7.71652756e+01
355             	7.71657488e+01
356             	7.71695341e+01
357             	7.71723012e+01
358             	7.71677350e+01
359             	7.71675887e+01
360             	7.71710240e+01
361             	7.71691294e+01
362             	7.71746319e+01
363             	7.71725785e+01
364             	7.71721690e+01
365             	7.71736837e+01
366             	7.71710590e+01
367             	7.71716284e+01
368             	7.71749408e+01
369             	7.71738050e+01
370             	7.71781613e+01
371             	7.71762401e+01
372             	7.71727935e+01
373             	7.71766132e+01
374             	7.71764741e+01
375             	7.71781592e+01
376             	7.71787780e+01
377             	7.71787867e+01
378             	7.71789396e+01
379             	7.71822312e+01
380             	7.71775080e+01
381             	7.71792713e+01
382             	7.71826373e+01
383             	7.71816845e+01
384             	7.71775082e+01
385             	7.71829850e+01
386             	7.71851042e+01
387             	7.71837683e+01
388             	7.71835142e+01
389             	7.71845881e+01
390             	7.71843996e+01
391             	7.71849264e+01
392             	7.71846806e+01
393             	7.71840492e+01
394             	7.71842981e+01
395             	7.71847608e+01
396             	7.71891914e+01
397             	7.71864403e+01
398             	7.71884011e+01
399             	7.71873464e+01
400             	7.71881705e+01
401             	7.71865436e+01
402             	7.71912046e+01
403             	7.71918756e+01
404             	7.71939822e+01
405             	7.71903480e+01
406             	7.71917754e+01
407             	7.71910971e+01
408             	7.71918466e+01
409             	7.71893240e+01
410             	7.71919629e+01
411             	7.71967969e+01
412             	7.71923810e+01
413             	7.71914201e+01
414             	7.71950984e+01
415             	7.71954518e+01
416             	7.71934650e+01
417             	7.71919865e+01
418             	7.72013998e+01
419             	7.71959743e+01
420             	7.71926029e+01
421             	7.71934498e+01
422             	7.71988076e+01
423             	7.71986450e+01
424             	7.71979489e+01
425             	7.71961040e+01
426             	7.72000630e+01
427             	7.72001149e+01
428             	7.71995410e+01
429             	7.71997769e+01
430             	7.72017975e+01
431             	7.72016634e+01
432             	7.72026580e+01
433             	7.71995418e+01
434             	7.71981259e+01
435             	7.71982613e+01
436             	7.72043221e+01
437             	7.72015198e+01
438             	7.72005083e+01
439             	7.72029042e+01
440             	7.72024409e+01
441             	7.72038693e+01
442             	7.72024034e+01
443             	7.72027123e+01
444             	7.72105671e+01
445             	7.72029848e+01
446             	7.72056787e+01
447             	7.72047117e+01
448             	7.72054110e+01
449             	7.72058482e+01
450             	7.72051667e+01
451             	7.72068929e+01
452             	7.72043702e+01
453             	7.72063924e+01
454             	7.72072482e+01
455             	7.72077500e+01
456             	7.72114188e+01
457             	7.72061061e+01
458             	7.72060584e+01
459             	7.72091412e+01
460             	7.72070918e+01
461             	7.72099666e+01
462             	7.72138433e+01
463             	7.72120212e+01
464             	7.72137215e+01
465             	7.72096474e+01
466             	7.72070749e+01
467             	7.72118358e+01
468             	7.72091070e+01
469             	7.72115002e+01
470             	7.72125460e+01
471             	7.72110598e+01
472             	7.72164927e+01
473             	7.72132981e+01
474             	7.72144251e+01
475             	7.72158695e+01
476             	7.72156041e+01
477             	7.72168279e+01
478             	7.72095271e+01
479             	7.72128374e+01
480             	7.72139011e+01
481             	7.72158081e+01
482             	7.72131106e+01
483             	7.72173003e+01
484             	7.72137626e+01
485             	7.72205402e+01
486             	7.72163263e+01
487             	7.72174833e+01
488             	7.72192581e+01
489             	7.72183174e+01
490             	7.72176678e+01
491             	7.72156174e+01
492             	7.72171769e+01
493             	7.72179694e+01
494             	7.72192642e+01
495             	7.72216165e+01
496             	7.72215908e+01
497             	7.72201000e+01
498             	7.72198490e+01
499             	7.72217964e+01
500             	7.72226047e+01
501             	7.72230369e+01
502             	7.72235045e+01
503             	7.72191658e+01
504             	7.72237431e+01
505             	7.72215606e+01
506             	7.72225712e+01
507             	7.72251585e+01
508             	7.72221994e+01
509             	7.72212530e+01
510             	7.72253265e+01
511             	7.72267117e+01
512             	7.72292629e+01
513             	7.72266211e+01
514             	7.72225798e+01
515             	7.72230352e+01
516             	7.72274296e+01
517             	7.72273806e+01
518             	7.72294994e+01
519             	7.72286562e+01
520             	7.72256580e+01
521             	7.72305353e+01
522             	7.72248727e+01
523             	7.72318000e+01
524             	7.72330609e+01
525             	7.72316042e+01
526             	7.72255105e+01
527             	7.72281994e+01
528             	7.72298873e+01
529             	7.72313621e+01
530             	7.72311520e+01
531             	7.72306049e+01
532             	7.72308916e+01
533             	7.72347494e+01
534             	7.72370915e+01
535             	7.72345164e+01
536             	7.72357973e+01
537             	7.72329207e+01
538             	7.72312875e+01
539             	7.72288160e+01
540             	7.72348280e+01
541             	7.72385321e+01
542             	7.72392682e+01
543             	7.72390442e+01
544             	7.72335097e+01
545             	7.72375734e+01
546             	7.72380534e+01
547             	7.72385464e+01
548             	7.72366839e+01
549             	7.72412184e+01
550             	7.72402519e+01
551             	7.72359701e+01
552             	7.72387486e+01
553             	7.72352680e+01
554             	7.72391937e+01
555             	7.72395780e+01
556             	7.72427754e+01
557             	7.72448648e+01
558             	7.72435170e+01
559             	7.72442809e+01
560             	7.72441457e+01
561             	7.72389193e+01
562             	7.72402817e+01
563             	7.72397957e+01
564             	7.72448422e+01
565             	7.72469463e+01
566             	7.72491991e+01
567             	7.72428191e+01
568             	7.72412560e+01
569             	7.72473041e+01
570             	7.72458945e+01
571             	7.72489481e+01
572             	7.72419618e+01
573             	7.72487065e+01
574             	7.72473666e+01
575             	7.72484424e+01
576             	7.72488714e+01
577             	7.72495360e+01
578             	7.72492413e+01
579             	7.72508560e+01
580             	7.72474346e+01
581             	7.72521962e+01
582             	7.72509326e+01
583             	7.72501200e+01
584             	7.72507553e+01
585             	7.72500916e+01
586             	7.72528807e+01
587             	7.72546087e+01
588             	7.72531324e+01
589             	7.72523407e+01
590             	7.72520783e+01
591             	7.72533586e+01
592             	7.72579224e+01
593             	7.72536988e+01
594             	7.72570138e+01
595             	7.72548403e+01
596             	7.72567297e+01
597             	7.72541057e+01
598             	7.72608534e+01
599             	7.72542713e+01
600             	7.72551528e+01
601             	7.72628829e+01
602             	7.72508083e+01
603             	7.72589635e+01
604             	7.72627006e+01
605             	7.72606747e+01
606             	7.72632921e+01
607             	7.72576055e+01
608             	7.72541565e+01
609             	7.72606329e+01
610             	7.72632315e+01
611             	7.72594154e+01
612             	7.72608889e+01
613             	7.72630366e+01
614             	7.72598636e+01
615             	7.72636494e+01
616             	7.72639186e+01
617             	7.72599148e+01
618             	7.72683629e+01
619             	7.72648748e+01
620             	7.72610392e+01
621             	7.72637124e+01
622             	7.72691632e+01
623             	7.72619960e+01
624             	7.72674089e+01
625             	7.72716677e+01
626             	7.72663439e+01
627             	7.72618492e+01
628             	7.72585679e+01
629             	7.72690135e+01
630             	7.72732117e+01
631             	7.72731696e+01
632             	7.72691733e+01
633             	7.72640736e+01
634             	7.72690311e+01
635             	7.72690858e+01
636             	7.72720602e+01
637             	7.72714938e+01
638             	7.72708456e+01
639             	7.72713147e+01
640             	7.72711288e+01
641             	7.72705119e+01
642             	7.72688938e+01
643             	7.72721010e+01
644             	7.72713918e+01
645             	7.72775577e+01
646             	7.72830152e+01
647             	7.72717729e+01
648             	7.72731623e+01
649             	7.72736529e+01
650             	7.72712413e+01
651             	7.72730487e+01
652             	7.72785203e+01
653             	7.72794440e+01
654             	7.72810913e+01
655             	7.72751676e+01
656             	7.72744108e+01
657             	7.72723529e+01
658             	7.72771363e+01
659             	7.72779113e+01
660             	7.72819876e+01
661             	7.72816512e+01
662             	7.72839013e+01
663             	7.72789140e+01
664             	7.72751246e+01
665             	7.72779308e+01
666             	7.72830258e+01
667             	7.72823659e+01
668             	7.72867741e+01
669             	7.72806849e+01
670             	7.72823720e+01
671             	7.72807041e+01
672             	7.72819307e+01
673             	7.72856470e+01
674             	7.72863849e+01
675             	7.72839540e+01
676             	7.72838185e+01
677             	7.72839532e+01
678             	7.72836424e+01
679             	7.72837479e+01
680             	7.72876045e+01
681             	7.72882708e+01
682             	7.72879844e+01
683             	7.72870223e+01
684             	7.72883217e+01
685             	7.72924346e+01
686             	7.72920255e+01
687             	7.72874906e+01
688             	7.72872518e+01
689             	7.72897008e+01
690             	7.72894826e+01
691             	7.72881752e+01
692             	7.72910778e+01
693             	7.72911135e+01
694             	7.72945429e+01
695             	7.72876975e+01
696             	7.72947236e+01
697             	7.72912240e+01
698             	7.72890336e+01
699             	7.72990809e+01
700             	7.72949877e+01
701             	7.72937127e+01
702             	7.72955800e+01
703             	7.72963934e+01
704             	7.72953487e+01
705             	7.72950894e+01
706             	7.72937073e+01
707             	7.72935634e+01
708             	7.72962861e+01
709             	7.72979365e+01
710             	7.72949952e+01
711             	7.72972992e+01
712             	7.73009184e+01
713             	7.72983328e+01
714             	7.72996312e+01
715             	7.72963477e+01
716             	7.73007933e+01
717             	7.73044598e+01
718             	7.73016092e+01
719             	7.73040100e+01
720             	7.72960744e+01
721             	7.72991258e+01
722             	7.72950718e+01
723             	7.73039476e+01
724             	7.73103145e+01
725             	7.73017466e+01
726             	7.73028749e+01
727             	7.73013410e+01
728             	7.73032018e+01
729             	7.73086665e+01
730             	7.73056922e+01
731             	7.73077224e+01
732             	7.73021826e+01
733             	7.73041065e+01
734             	7.73115932e+01
735             	7.73078422e+01
736             	7.73077259e+01
737             	7.73043208e+01
738             	7.73101268e+01
739             	7.73073956e+01
740             	7.73087850e+01
741             	7.73113968e+01
742             	7.73094005e+01
743             	7.73061608e+01
744             	7.73047145e+01
745             	7.73091683e+01
746             	7.73170278e+01
747             	7.73152639e+01
748             	7.73166088e+01
749             	7.73122363e+01
750             	7.73081215e+01
751             	7.73083080e+01
752             	7.73130858e+01
753             	7.73172564e+01
754             	7.73215168e+01
755             	7.73136740e+01
756             	7.73141943e+01
757             	7.73166024e+01
758             	7.73121205e+01
759             	7.73113891e+01
760             	7.73176711e+01
761             	7.73168138e+01
762             	7.73157476e+01
763             	7.73190152e+01
764             	7.73238124e+01
765             	7.73180975e+01
766             	7.73199113e+01
767             	7.73205658e+01
768             	7.73198369e+01
769             	7.73232846e+01
770             	7.73222786e+01
771             	7.73176134e+01
772             	7.73184580e+01
773             	7.73216478e+01
774             	7.73201350e+01
775             	7.73231159e+01
776             	7.73304119e+01
777             	7.73202275e+01
778             	7.73241807e+01
779             	7.73220357e+01
780             	7.73219200e+01
781             	7.73261829e+01
782             	7.73247161e+01
783             	7.73279855e+01
784             	7.73317897e+01
785             	7.73263902e+01
786             	7.73248839e+01
787             	7.73228074e+01
788             	7.73271694e+01
789             	7.73268126e+01
790             	7.73315036e+01
791             	7.73326849e+01
792             	7.73283436e+01
793             	7.73310040e+01
794             	7.73275989e+01
795             	7.73310592e+01
796             	7.73424220e+01
797             	7.73331067e+01
798             	7.73298474e+01
799             	7.73321351e+01
800             	7.73272029e+01
801             	7.73333893e+01
802             	7.73318293e+01
803             	7.73315320e+01
804             	7.73363981e+01
805             	7.73436680e+01
806             	7.73352991e+01
807             	7.73278973e+01
808             	7.73376802e+01
809             	7.73324627e+01
810             	7.73361318e+01
811             	7.73391092e+01
812             	7.73352267e+01
813             	7.73362674e+01
814             	7.73453470e+01
815             	7.73390547e+01
816             	7.73331611e+01
817             	7.73399538e+01
818             	7.73422444e+01
819             	7.73399786e+01
820             	7.73426578e+01
821             	7.73429044e+01
822             	7.73390060e+01
823             	7.73451358e+01
824             	7.73361092e+01
825             	7.73451245e+01
826             	7.73473403e+01
827             	7.73422311e+01
828             	7.73430679e+01
829             	7.73368719e+01
830             	7.73436810e+01
831             	7.73510662e+01
832             	7.73521196e+01
833             	7.73460920e+01
834             	7.73463184e+01
835             	7.73367368e+01
836             	7.73489116e+01
837             	7.73420764e+01
838             	7.73444173e+01
839             	7.73509052e+01
840             	7.73447509e+01
841             	7.73410110e+01
842             	7.73502293e+01
843             	7.73486644e+01
844             	7.73549047e+01
845             	7.73538121e+01
846             	7.73500740e+01
847             	7.73488306e+01
848             	7.73537737e+01
849             	7.73506019e+01
850             	7.73515309e+01
851             	7.73503833e+01
852             	7.73524332e+01
853             	7.73586807e+01
854             	7.73570716e+01
855             	7.73536354e+01
856             	7.73465287e+01
857             	7.73502956e+01
858             	7.73533889e+01
859             	7.73550956e+01
860             	7.73553552e+01
861             	7.73570962e+01
862             	7.73590673e+01
863             	7.73563124e+01
864             	7.73564956e+01
865             	7.73607735e+01
866             	7.73560863e+01
867             	7.73565488e+01
868             	7.73618923e+01
869             	7.73561552e+01
870             	7.73525228e+01
871             	7.73552110e+01
872             	7.73579581e+01
873             	7.73558015e+01
874             	7.73631548e+01
875             	7.73689236e+01
876             	7.73697060e+01
877             	7.73603018e+01
878             	7.73534323e+01
879             	7.73539118e+01
880             	7.73601156e+01
881             	7.73654684e+01
882             	7.73642922e+01
883             	7.73636150e+01
884             	7.73678415e+01
885             	7.73712467e+01
886             	7.73635544e+01
887             	7.73597522e+01
888             	7.73605483e+01
889             	7.73693995e+01
890             	7.73673530e+01
891             	7.73641017e+01
892             	7.73664740e+01
893             	7.73684020e+01
894             	7.73724375e+01
895             	7.73617263e+01
896             	7.73629201e+01
897             	7.73669686e+01
898             	7.73665736e+01
899             	7.73703278e+01
900             	7.73689663e+01
901             	7.73680763e+01
902             	7.73724304e+01
903             	7.73760872e+01
904             	7.73697660e+01
905             	7.73613909e+01
906             	7.73651424e+01
907             	7.73757571e+01
908             	7.73741454e+01
909             	7.73675176e+01
910             	7.73774695e+01
911             	7.73752976e+01
912             	7.73663861e+01
913             	7.73732692e+01
914             	7.73724069e+01
915             	7.73746590e+01
916             	7.73737968e+01
917             	7.73696090e+01
918             	7.73753187e+01
919             	7.73771802e+01
920             	7.73725416e+01
921             	7.73689301e+01
922             	7.73741745e+01
923             	7.73802207e+01
924             	7.73786556e+01
925             	7.73704852e+01
926             	7.73728001e+01
927             	7.73761533e+01
928             	7.73728992e+01
929             	7.73736327e+01
930             	7.73769603e+01
931             	7.73740258e+01
932             	7.73870511e+01
933             	7.73830801e+01
934             	7.73802543e+01
935             	7.73770521e+01
936             	7.73754895e+01
937             	7.73742584e+01
938             	7.73769710e+01
939             	7.73806993e+01
940             	7.73809278e+01
941             	7.73806258e+01
942             	7.73843968e+01
943             	7.73762240e+01
944             	7.73800998e+01
945             	7.73775388e+01
946             	7.73813839e+01
947             	7.73812163e+01
948             	7.73873743e+01
949             	7.73818336e+01
950             	7.73851735e+01
951             	7.73815030e+01
952             	7.73845252e+01
953             	7.73789452e+01
954             	7.73780125e+01
955             	7.73768498e+01
956             	7.73838779e+01
957             	7.73876575e+01
958             	7.73865060e+01
959             	7.73867886e+01
960             	7.73817121e+01
961             	7.73832520e+01
962             	7.73791565e+01
963             	7.73813878e+01
964             	7.73912601e+01
965             	7.73845765e+01
966             	7.73843231e+01
967             	7.73821985e+01
968             	7.73887783e+01
969             	7.73875206e+01
970             	7.73861974e+01
971             	7.73856281e+01
972             	7.73892122e+01
973             	7.73859541e+01
974             	7.73826104e+01
975             	7.73795317e+01
976             	7.73893687e+01
977             	7.73895126e+01
978             	7.73888590e+01
979             	7.73914770e+01
980             	7.73959115e+01
981             	7.73855965e+01
982             	7.73873082e+01
983             	7.73839962e+01
984             	7.73822699e+01
985             	7.73869949e+01
986             	7.73910318e+01
987             	7.73867245e+01
988             	7.73897719e+01
989             	7.73955006e+01
990             	7.73969414e+01
991             	7.73936384e+01
992             	7.73853050e+01
993             	7.73862360e+01
994             	7.73884730e+01
995             	7.73875265e+01
996             	7.73933372e+01
997             	7.73945546e+01
998             	7.73911743e+01
999             	7.73870240e+01
1000            	7.73911829e+01
1001            	7.73914834e+01
1002            	7.73959705e+01
1003            	7.73909539e+01
1004            	7.73931253e+01
1005            	7.73949267e+01
1006            	7.73952806e+01
1007            	7.73899216e+01
1008            	7.73947338e+01
1009            	7.73948313e+01
1010            	7.73940222e+01
1011            	7.73887087e+01
1012            	7.73907774e+01
1013            	7.73923455e+01
1014            	7.73940658e+01
1015            	7.73990729e+01
1016            	7.73931231e+01
1017            	7.73960052e+01
1018            	7.74008892e+01
1019            	7.73939462e+01
1020            	7.73897004e+01
1021            	7.73891775e+01
1022            	7.73992757e+01
1023            	7.74020188e+01
1024            	7.73989100e+01
1025            	7.73971481e+01
1026            	7.73907455e+01
1027            	7.73966091e+01
1028            	7.73960915e+01
1029            	7.73892887e+01
1030            	7.73928745e+01
1031            	7.73952935e+01
1032            	7.74039136e+01
1033            	7.74019861e+01
1034            	7.73971781e+01
1035            	7.73972519e+01
1036            	7.73971886e+01
1037            	7.73906895e+01
1038            	7.74005668e+01
1039            	7.74034586e+01
1040            	7.74007499e+01
1041            	7.73920099e+01
1042            	7.73953489e+01
1043            	7.73987098e+01
1044            	7.74044441e+01
1045            	7.74004558e+01
1046            	7.73927353e+01
1047            	7.73930921e+01
1048            	7.73990475e+01
1049            	7.74017200e+01
1050            	7.74064441e+01
1051            	7.73977264e+01
1052            	7.73923078e+01
1053            	7.73926364e+01
1054            	7.73991597e+01
1055            	7.74038183e+01
1056            	7.74041199e+01
1057            	7.73993313e+01
1058            	7.73965761e+01
1059            	7.74014615e+01
1060            	7.74020688e+01
1061            	7.74001352e+01
1062            	7.73969664e+01
1063            	7.73967441e+01
1064            	7.74031347e+01
1065            	7.73981605e+01
1066            	7.74013727e+01
1067            	7.74084291e+01
1068            	7.74077870e+01
1069            	7.73904344e+01
1070            	7.73930737e+01
1071            	7.74029128e+01
1072            	7.73988668e+01
1073            	7.74009119e+01
1074            	7.74065375e+01
1075            	7.74105852e+01
1076            	7.74010314e+01
1077            	7.73962444e+01
1078            	7.73998921e+01
1079            	7.74008343e+01
1080            	7.74028335e+01
1081            	7.74047316e+01
1082            	7.74105889e+01
1083            	7.74021451e+01
1084            	7.73933476e+01
1085            	7.74025302e+01
1086            	7.74027133e+01
1087            	7.73983009e+01
1088            	7.74048560e+01
1089            	7.74060468e+01
1090            	7.74077012e+01
1091            	7.74087502e+01
1092            	7.73976660e+01
1093            	7.73952594e+01
1094            	7.74030127e+01
1095            	7.74031219e+01
1096            	7.74059310e+01
1097            	7.74088512e+01
1098            	7.74037993e+01
1099            	7.74007529e+01
1100            	7.74018391e+01
1101            	7.74012569e+01
1102            	7.74048743e+01
1103            	7.74111372e+01
1104            	7.74063076e+01
1105            	7.74067367e+01
1106            	7.73993607e+01
1107            	7.73991017e+01
1108            	7.74079436e+01
1109            	7.74036465e+01
1110            	7.74059208e+01
1111            	7.74075363e+01
1112            	7.74018386e+01
1113            	7.74114090e+01
1114            	7.74080705e+01
1115            	7.74084959e+01
1116            	7.74086391e+01
1117            	7.73932708e+01
1118            	7.73994927e+01
1119            	7.74066081e+01
1120            	7.74065479e+01
1121            	7.74052114e+01
1122            	7.74112215e+01
1123            	7.73986046e+01
1124            	7.74005709e+01
1125            	7.74146514e+01
1126            	7.74142206e+01
1127            	7.74029897e+01
1128            	7.74041597e+01
1129            	7.74092362e+01
1130            	7.74037147e+01
1131            	7.74050177e+01
1132            	7.74087888e+01
1133            	7.74071065e+01
1134            	7.74044054e+01
1135            	7.74058063e+01
1136            	7.74029350e+01
1137            	7.74067925e+01
1138            	7.74104975e+01
1139            	7.74036201e+01
1140            	7.74031677e+01
1141            	7.74122655e+01
1142            	7.74060130e+01
1143            	7.74038617e+01
1144            	7.74083175e+01
1145            	7.74074316e+01
1146            	7.74094411e+01
1147            	7.74082169e+01
1148            	7.74059942e+01
1149            	7.74031527e+01
1150            	7.74051780e+01
1151            	7.74041493e+01
1152            	7.74048866e+01
1153            	7.74028793e+01
1154            	7.74028559e+01
1155            	7.74088053e+01
1156            	7.74183059e+01
1157            	7.74140783e+01
1158            	7.74080001e+01
1159            	7.73992472e+01
1160            	7.74087959e+01
1161            	7.74052884e+01
1162            	7.74059508e+01
1163            	7.74069873e+01
1164            	7.74078850e+01
1165            	7.74041817e+01
1166            	7.74039822e+01
1167            	7.74072848e+01
1168            	7.74050079e+01
1169            	7.74045889e+01
1170            	7.74116058e+01
1171            	7.74099430e+01
1172            	7.74091954e+01
1173            	7.74081916e+01
1174            	7.74070085e+01
1175            	7.74023657e+01
1176            	7.74134125e+01
1177            	7.74082387e+01
1178            	7.74024357e+01
1179            	7.74046561e+01
1180            	7.74050977e+01
1181            	7.74037343e+01
1182            	7.74174112e+01
1183            	7.74177163e+01
1184            	7.74132483e+01
1185            	7.74073706e+01
1186            	7.74029331e+01
1187            	7.74010198e+01
1188            	7.74040988e+01
1189            	7.74070668e+01
1190            	7.74062736e+01
1191            	7.74129369e+01
1192            	7.74089501e+01
1193            	7.74052487e+01
1194            	7.74033102e+01
1195            	7.74091765e+01
1196            	7.74110396e+01
1197            	7.74137822e+01
1198            	7.74120643e+01
1199            	7.74016534e+01
1200            	7.74094292e+01
1201            	7.74129031e+01
1202            	7.74070770e+01
1203            	7.74059120e+01
1204            	7.74074413e+01
1205            	7.74081159e+01
1206            	7.74109812e+01
1207            	7.74066007e+01
1208            	7.74095928e+01
1209            	7.74053994e+01
1210            	7.74097214e+01
1211            	7.74136322e+01
1212            	7.74092604e+01
1213            	7.74142977e+01
1214            	7.74079659e+01
1215            	7.73997741e+01
1216            	7.74093809e+01
1217            	7.74094074e+01
1218            	7.74179772e+01
1219            	7.74110575e+01
1220            	7.74077957e+01
1221            	7.74028590e+01
1222            	7.74134873e+01
1223            	7.74072929e+01
1224            	7.74124129e+01
1225            	7.74117637e+01
1226            	7.74147424e+01
1227            	7.74080330e+01
1228            	7.74029713e+01
1229            	7.74066464e+01
1230            	7.74106985e+01
1231            	7.74083885e+01
1232            	7.74079955e+01
1233            	7.74076548e+01
1234            	7.74132314e+01
1235            	7.74144696e+01
1236            	7.74140706e+01
1237            	7.74058377e+01
1238            	7.74104210e+01
1239            	7.73992593e+01
1240            	7.74100976e+01
1241            	7.74186524e+01
1242            	7.74069577e+01
1243            	7.74090865e+01
1244            	7.74118951e+01
1245            	7.74139457e+01
1246            	7.74129248e+01
1247            	7.74080931e+01
1248            	7.74080964e+01
1249            	7.74078811e+01
1250            	7.74016639e+01
1251            	7.74120558e+01
1252            	7.74155553e+01
1253            	7.74082037e+01
1254            	7.74112130e+01
1255            	7.74171144e+01
1256            	7.74045050e+01
1257            	7.74054530e+01
1258            	7.74106193e+01
1259            	7.74120543e+01
1260            	7.74109550e+01
1261            	7.74112326e+01
1262            	7.74115678e+01
1263            	7.74203725e+01
1264            	7.74116981e+01
1265            	7.74044995e+01
1266            	7.74092502e+01
1267            	7.74031162e+01
1268            	7.74099497e+01
1269            	7.74134433e+01
1270            	7.74146428e+01
1271            	7.74050889e+01
1272            	7.74152768e+01
1273            	7.74120212e+01
1274            	7.74070213e+01
1275            	7.74063601e+01
1276            	7.74156607e+01
1277            	7.74186180e+01
1278            	7.74141695e+01
1279            	7.74078706e+01
1280            	7.74131933e+01
1281            	7.74029399e+01
1282            	7.74088505e+01
1283            	7.74124266e+01
1284            	7.74035495e+01
1285            	7.74121726e+01
1286            	7.74168418e+01
1287            	7.74168381e+01
1288            	7.74061387e+01
1289            	7.74104206e+01
1290            	7.74121284e+01
1291            	7.74017291e+01
1292            	7.74036733e+01
1293            	7.74105236e+01
1294            	7.74181995e+01
1295            	7.74203973e+01
1296            	7.74144933e+01
1297            	7.74045990e+01
1298            	7.74101308e+01
1299            	7.74161349e+01
1300            	7.74065817e+01
1301            	7.74119217e+01
1302            	7.74081976e+01
1303            	7.74105362e+01
1304            	7.74079078e+01
1305            	7.74129544e+01
1306            	7.74180291e+01
1307            	7.74104912e+01
1308            	7.74038874e+01
1309            	7.74110369e+01
1310            	7.74128839e+01
1311            	7.74169425e+01
1312            	7.74068142e+01
1313            	7.74058038e+01
1314            	7.74146646e+01
1315            	7.74210500e+01
1316            	7.74131116e+01
1317            	7.74069551e+01
1318            	7.74107792e+01
1319            	7.74056147e+01
1320            	7.74082139e+01
1321            	7.74190035e+01
1322            	7.74175148e+01
1323            	7.74074195e+01
1324            	7.73994220e+01
1325            	7.74090134e+01
1326            	7.74136727e+01
1327            	7.74169879e+01
1328            	7.74198391e+01
1329            	7.74108569e+01
1330            	7.74112220e+01
1331            	7.74019973e+01
1332            	7.74066122e+01
1333            	7.74111390e+01
1334            	7.74180353e+01
1335            	7.74158300e+01
1336            	7.74107626e+01
1337            	7.74121338e+01
1338            	7.74120620e+01
1339            	7.74073213e+01
1340            	7.74147730e+01
1341            	7.74155023e+01
1342            	7.74091814e+01
1343            	7.74053002e+01
1344            	7.74136498e+01
1345            	7.74099537e+01
1346            	7.74091776e+01
1347            	7.74049695e+01
1348            	7.74141886e+01
1349            	7.74159672e+01
1350            	7.74145000e+01
1351            	7.74082046e+01
1352            	7.74147597e+01
1353            	7.74037307e+01
1354            	7.74084345e+01
1355            	7.74148608e+01
1356            	7.74179436e+01
1357            	7.74112815e+01
1358            	7.74134840e+01
1359            	7.74147970e+01
1360            	7.74046874e+01
1361            	7.74134161e+01
1362            	7.74123928e+01
1363            	7.74123118e+01
1364            	7.74065153e+01
1365            	7.74073255e+01
1366            	7.74137233e+01
1367            	7.74027449e+01
1368            	7.74138098e+01
1369            	7.74135322e+01
1370            	7.74132503e+01
1371            	7.74135830e+01
1372            	7.74070472e+01
1373            	7.74156217e+01
1374            	7.74124490e+01
1375            	7.74095365e+01
1376            	7.74162428e+01
1377            	7.74112645e+01
1378            	7.74099577e+01
1379            	7.74172149e+01
1380            	7.74090523e+01
1381            	7.74123594e+01
1382            	7.74147612e+01
1383            	7.74123899e+01
1384            	7.74061697e+01
1385            	7.74123687e+01
1386            	7.74188405e+01
1387            	7.74169581e+01
1388            	7.74029170e+01
1389            	7.74054982e+01
1390            	7.74101876e+01
1391            	7.74099051e+01
1392            	7.74122704e+01
1393            	7.74127414e+01
1394            	7.74175051e+01
1395            	7.74102916e+01
1396            	7.74092306e+01
1397            	7.74058191e+01
1398            	7.74117382e+01
1399            	7.74145212e+01
1400            	7.74189371e+01
1401            	7.74216943e+01
1402            	7.74040112e+01
1403            	7.74090417e+01
1404            	7.74109789e+01
1405            	7.74055614e+01
1406            	7.74125713e+01
1407            	7.74163326e+01
1408            	7.74097052e+01
1409            	7.74126641e+01
1410            	7.74128578e+01
1411            	7.74098460e+01
1412            	7.74143632e+01
1413            	7.74085424e+01
1414            	7.74115331e+01
1415            	7.74119254e+01
1416            	7.74154171e+01
1417            	7.74144838e+01
1418            	7.74129387e+01
1419            	7.74031222e+01
1420            	7.74110938e+01
1421            	7.74121903e+01
1422            	7.74171462e+01
1423            	7.74113986e+01
1424            	7.74087820e+01
1425            	7.74079629e+01
1426            	7.74156173e+01
1427            	7.74201626e+01
1428            	7.74098226e+01
1429            	7.74060290e+01
1430            	7.74104000e+01
1431            	7.74091528e+01
1432            	7.74166557e+01
1433            	7.74179379e+01
1434            	7.74113697e+01
1435            	7.74125008e+01
1436            	7.74062147e+01
1437            	7.74067438e+01
1438            	7.74189577e+01
1439            	7.74208755e+01
1440            	7.74148861e+01
1441            	7.74060605e+01
1442            	7.74080931e+01
1443            	7.74061974e+01
1444            	7.74116260e+01
1445            	7.74130337e+01
1446            	7.74093838e+01
1447            	7.74115111e+01
1448            	7.74134972e+01
1449            	7.74081557e+01
1450            	7.74109155e+01
1451            	7.74166541e+01
1452            	7.74110610e+01
1453            	7.74076237e+01
1454            	7.74165739e+01
1455            	7.74121194e+01
1456            	7.74130882e+01
1457            	7.74097468e+01
1458            	7.74085063e+01
1459            	7.74089018e+01
1460            	7.74102146e+01
1461            	7.74113641e+01
1462            	7.74140078e+01
1463            	7.74147204e+01
1464            	7.74191387e+01
1465            	7.74057706e+01
1466            	7.74097283e+01
1467            	7.74083445e+01
1468            	7.74154190e+01
1469            	7.74172078e+01
1470            	7.74123892e+01
1471            	7.74043900e+01
1472            	7.74124534e+01
1473            	7.74104394e+01
1474            	7.74046422e+01
1475            	7.74128457e+01
1476            	7.74128794e+01
1477            	7.74182633e+01
1478            	7.74155596e+01
1479            	7.74079104e+01
1480            	7.74069226e+01
1481            	7.74086995e+01
1482            	7.74080263e+01
1483            	7.74110441e+01
1484            	7.74148399e+01
1485            	7.74137860e+01
1486            	7.74145827e+01
1487            	7.74082288e+01
1488            	7.74146898e+01
1489            	7.74097998e+01
1490            	7.74115326e+01
1491            	7.74073215e+01
1492            	7.74003128e+01
1493            	7.74133063e+01
1494            	7.74199763e+01
1495            	7.74146030e+01
1496            	7.74078730e+01
1497            	7.74115175e+01
1498            	7.74112583e+01
1499            	7.74116127e+01
1500            	7.74142730e+01
1501            	7.74057872e+01
1502            	7.74122398e+01
1503            	7.74176080e+01
1504            	7.74134769e+01
1505            	7.74123001e+01
1506            	7.74090672e+01
1507            	7.74080987e+01
1508            	7.74092039e+01
1509            	7.74088646e+01
1510            	7.74124438e+01
1511            	7.74147583e+01
1512            	7.74090155e+01
1513            	7.74126583e+01
1514            	7.74213741e+01
1515            	7.74100071e+01
1516            	7.74070109e+01
1517            	7.74114236e+01
1518            	7.74186056e+01
1519            	7.74063176e+01
1520            	7.74051138e+01
1521            	7.74091018e+01
1522            	7.74147133e+01
1523            	7.74149289e+01
1524            	7.74153952e+01
1525            	7.74136928e+01
1526            	7.74103892e+01
1527            	7.74069404e+01
1528            	7.74076705e+01
1529            	7.74149311e+01
1530            	7.74155411e+01
1531            	7.74144116e+01
1532            	7.74152289e+01
1533            	7.74166823e+01
1534            	7.74121937e+01
1535            	7.74012549e+01
1536            	7.74074144e+01
1537            	7.74140468e+01
1538            	7.74101663e+01
1539            	7.74117872e+01
1540            	7.74217427e+01
1541            	7.74178338e+01
1542            	7.74119120e+01
1543            	7.74068427e+01
1544            	7.74042804e+01
1545            	7.74122054e+01
1546            	7.74122867e+01
1547            	7.74087994e+01
1548            	7.74129113e+01
1549            	7.74161800e+01
1550            	7.74100387e+01
1551            	7.74121434e+01
1552            	7.74141791e+01
1553            	7.74090102e+01
1554            	7.74087695e+01
1555            	7.74101597e+01
1556            	7.74124856e+01
1557            	7.74091788e+01
1558            	7.74083512e+01
1559            	7.74103252e+01
1560            	7.74105719e+01
1561            	7.74212678e+01
1562            	7.74160570e+01
1563            	7.74076335e+01
1564            	7.74129937e+01
1565            	7.74077321e+01
1566            	7.74116229e+01
1567            	7.74174767e+01
1568            	7.74141159e+01
1569            	7.74112320e+01
1570            	7.74176309e+01
1571            	7.74089307e+01
1572            	7.74040306e+01
1573            	7.74181254e+01
1574            	7.74184867e+01
1575            	7.74120252e+01
1576            	7.74073666e+01
1577            	7.74092426e+01
1578            	7.74131543e+01
1579            	7.74091868e+01
1580            	7.74148512e+01
1581            	7.74078991e+01
1582            	7.74078143e+01
1583            	7.74170337e+01
1584            	7.74154726e+01
1585            	7.74111674e+01
1586            	7.74091568e+01
1587            	7.74106269e+01
1588            	7.74116503e+01
1589            	7.74079198e+01
1590            	7.74151993e+01
1591            	7.74149069e+01
1592            	7.74099987e+01
1593            	7.74159558e+01
1594            	7.74161902e+01
1595            	7.74101441e+01
1596            	7.74111124e+01
1597            	7.74112768e+01
1598            	7.74140961e+01
1599            	7.74148956e+01
1600            	7.74125581e+01
1601            	7.74167155e+01
1602            	7.74165177e+01
1603            	7.74095561e+01
1604            	7.74077636e+01
1605            	7.74059131e+01
1606            	7.74082378e+01
1607            	7.74135600e+01
1608            	7.74200412e+01
1609            	7.74161688e+01
1610            	7.74092227e+01
1611            	7.74042194e+01
1612            	7.74135005e+01
1613            	7.74161417e+01
1614            	7.74096780e+01
1615            	7.74145259e+01
1616            	7.74113648e+01
1617            	7.74078696e+01
1618            	7.74145569e+01
1619            	7.74151995e+01
1620            	7.74102467e+01
1621            	7.74151111e+01
1622            	7.74072018e+01
1623            	7.74155732e+01
1624            	7.74113627e+01
1625            	7.74136937e+01
1626            	7.74146913e+01
1627            	7.74115494e+01
1628            	7.74152228e+01
1629            	7.74189230e+01
1630            	7.74134656e+01
1631            	7.74099289e+01
1632            	7.74107134e+01
1633            	7.74091194e+01
1634            	7.74180295e+01
1635            	7.74041391e+01
1636            	7.74054618e+01
1637            	7.74169182e+01
1638            	7.74220660e+01
1639            	7.74080038e+01
1640            	7.74071630e+01
1641            	7.74104781e+01
1642            	7.74074985e+01
1643            	7.74101089e+01
1644            	7.74198927e+01
1645            	7.74141181e+01
1646            	7.74119026e+01
1647            	7.74111663e+01
1648            	7.74191631e+01
1649            	7.74159652e+01
1650            	7.74025540e+01
1651            	7.74134053e+01
1652            	7.74219701e+01
1653            	7.74114795e+01
1654            	7.74029709e+01
1655            	7.74148027e+01
1656            	7.74112931e+01
1657            	7.74112351e+01
1658            	7.74154548e+01
1659            	7.74102947e+01
1660            	7.74109125e+01
1661            	7.74177224e+01
1662            	7.74135393e+01
1663            	7.74038113e+01
1664            	7.74086658e+01
1665            	7.74172560e+01
1666            	7.74111945e+01
1667            	7.74111361e+01
1668            	7.74124550e+01
1669            	7.74103072e+01
1670            	7.74203742e+01
1671            	7.74158065e+01
1672            	7.74107075e+01
1673            	7.74085357e+01
1674            	7.74124435e+01
1675            	7.74134506e+01
1676            	7.74171696e+01
1677            	7.74070394e+01
1678            	7.74096643e+01
1679            	7.74096248e+01
1680            	7.74095596e+01
1681            	7.74160068e+01
1682            	7.74211090e+01
1683            	7.74159426e+01
1684            	7.74153238e+01
1685            	7.74024069e+01
1686            	7.74090564e+01
1687            	7.74101448e+01
1688            	7.74063395e+01
1689            	7.74161883e+01
1690            	7.74168037e+01
1691            	7.74105070e+01
1692            	7.74051722e+01
1693            	7.74082341e+01
1694            	7.74102792e+01
1695            	7.74085843e+01
1696            	7.74178977e+01
1697            	7.74188005e+01
1698            	7.74196109e+01
1699            	7.74135715e+01
1700            	7.74106947e+01
1701            	7.74095103e+01
1702            	7.74101936e+01
1703            	7.74066168e+01
1704            	7.74149897e+01
1705            	7.74176835e+01
1706            	7.74090222e+01
1707            	7.74093432e+01
1708            	7.74120338e+01
1709            	7.74207796e+01
1710            	7.74109725e+01
1711            	7.74060331e+01
1712            	7.74187579e+01
1713            	7.74086318e+01
1714            	7.74090596e+01
1715            	7.74212842e+01
1716            	7.74135428e+01
1717            	7.74100683e+01
1718            	7.74117903e+01
1719            	7.74114662e+01
1720            	7.74087349e+01
1721            	7.74095771e+01
1722            	7.74151086e+01
1723            	7.74052705e+01
1724            	7.74122697e+01
1725            	7.74115956e+01
1726            	7.74168724e+01
1727            	7.74132325e+01
1728            	7.74111222e+01
1729            	7.74112329e+01
1730            	7.74148335e+01
1731            	7.74147759e+01
1732            	7.74110618e+01
1733            	7.74098065e+01
1734            	7.74077292e+01
1735            	7.74090500e+01
1736            	7.74185647e+01
1737            	7.74171538e+01
1738            	7.74146072e+01
1739            	7.74105047e+01
1740            	7.74074728e+01
1741            	7.74030941e+01
1742            	7.74136686e+01
1743            	7.74149200e+01
1744            	7.74140096e+01
1745            	7.74158099e+01
1746            	7.74149955e+01
1747            	7.74074824e+01
1748            	7.74061615e+01
1749            	7.74099857e+01
1750            	7.74131395e+01
1751            	7.74135438e+01
1752            	7.74116323e+01
1753            	7.74160689e+01
1754            	7.74211888e+01
1755            	7.74135578e+01
1756            	7.74091265e+01
1757            	7.74083601e+01
1758            	7.74077751e+01
1759            	7.74128047e+01
1760            	7.74115842e+01
1761            	7.74174226e+01
1762            	7.74120907e+01
1763            	7.74059395e+01
1764            	7.74090063e+01
1765            	7.74133051e+01
1766            	7.74123991e+01
1767            	7.74168608e+01
1768            	7.74113921e+01
1769            	7.74100738e+01
1770            	7.74051118e+01
1771            	7.74173967e+01
1772            	7.74103655e+01
1773            	7.74131547e+01
1774            	7.74122532e+01
1775            	7.74161153e+01
1776            	7.74141325e+01
1777            	7.74142939e+01
1778            	7.74118688e+01
1779            	7.74071827e+01
1780            	7.74078363e+01
1781            	7.74189796e+01
1782            	7.74159252e+01
1783            	7.74089119e+01
1784            	7.74094560e+01
1785            	7.74121462e+01
1786            	7.74052918e+01
1787            	7.74122908e+01
1788            	7.74160783e+01
1789            	7.74107346e+01
1790            	7.74095072e+01
1791            	7.74092375e+01
1792            	7.74119171e+01
1793            	7.74147162e+01
1794            	7.74102963e+01
1795            	7.74112579e+01
1796            	7.74130447e+01
1797            	7.74124678e+01
1798            	7.74063442e+01
1799            	7.74187834e+01
1800            	7.74176540e+01
1801            	7.74048471e+01
1802            	7.74068756e+01
1803            	7.74221026e+01
1804            	7.74181034e+01
1805            	7.74100801e+01
1806            	7.74100337e+01
1807            	7.74098736e+01
1808            	7.74098379e+01
1809            	7.74115192e+01
1810            	7.74176727e+01
1811            	7.74055350e+01
1812            	7.74120576e+01
1813            	7.74112247e+01
1814            	7.74185400e+01
1815            	7.74116473e+01
1816            	7.74123643e+01
1817            	7.74131684e+01
1818            	7.74075489e+01
1819            	7.74106521e+01
1820            	7.74096036e+01
1821            	7.74009348e+01
1822            	7.74150982e+01
1823            	7.74126866e+01
1824            	7.74146063e+01
1825            	7.74123279e+01
1826            	7.74089912e+01
1827            	7.74135974e+01
1828            	7.74149720e+01
1829            	7.74149732e+01
1830            	7.74162819e+01
1831            	7.74096728e+01
1832            	7.74070461e+01
1833            	7.74105703e+01
1834            	7.74126443e+01
1835            	7.74123274e+01
1836            	7.74148726e+01
1837            	7.74103947e+01
1838            	7.74127913e+01
1839            	7.74047371e+01
1840            	7.74119872e+01
1841            	7.74137449e+01
1842            	7.74137981e+01
1843            	7.74120273e+01
1844            	7.74134437e+01
1845            	7.74180128e+01
1846            	7.74097820e+01
1847            	7.74052129e+01
1848            	7.74129329e+01
1849            	7.74171879e+01
1850            	7.74091277e+01
1851            	7.74114096e+01
1852            	7.74125307e+01
1853            	7.74206785e+01
1854            	7.74148692e+01
1855            	7.74089345e+01
1856            	7.74102760e+01
1857            	7.74072301e+01
1858            	7.74169340e+01
1859            	7.74120934e+01
1860            	7.74068002e+01
1861            	7.74085850e+01
1862            	7.74127256e+01
1863            	7.74096097e+01
1864            	7.74158934e+01
1865            	7.74155344e+01
1866            	7.74139048e+01
1867            	7.74098763e+01
1868            	7.74120686e+01
1869            	7.74200416e+01
1870            	7.74151328e+01
1871            	7.74109155e+01
1872            	7.74103156e+01
1873            	7.74080956e+01
1874            	7.74118882e+01
1875            	7.74139426e+01
1876            	7.74129581e+01
1877            	7.74162726e+01
1878            	7.74118012e+01
1879            	7.74130028e+01
1880            	7.74111072e+01
1881            	7.74080628e+01
1882            	7.74142724e+01
1883            	7.74108577e+01
1884            	7.74168386e+01
1885            	7.74176559e+01
1886            	7.74180532e+01
1887            	7.74052165e+01
1888            	7.74084970e+01
1889            	7.74146153e+01
1890            	7.74099674e+01
1891            	7.74157378e+01
1892            	7.74133224e+01
1893            	7.74128125e+01
1894            	7.74139489e+01
1895            	7.74127715e+01
1896            	7.74100406e+01
1897            	7.74089651e+01
1898            	7.74144664e+01
1899            	7.74150748e+01
1900            	7.74155599e+01
1901            	7.74072473e+01
1902            	7.74131015e+01
1903            	7.74135479e+01
1904            	7.74120566e+01
1905            	7.74133165e+01
1906            	7.74139993e+01
1907            	7.74121921e+01
1908            	7.74119277e+01
1909            	7.74144266e+01
1910            	7.74064523e+01
1911            	7.74087663e+01
1912            	7.74184155e+01
1913            	7.74127184e+01
1914            	7.74140633e+01
1915            	7.74144223e+01
1916            	7.74145063e+01
1917            	7.74068841e+01
1918            	7.74112765e+01
1919            	7.74189824e+01
1920            	7.74163843e+01
1921            	7.74095876e+01
1922            	7.74109160e+01
1923            	7.74079295e+01
1924            	7.74052901e+01
1925            	7.74082120e+01
1926            	7.74142320e+01
1927            	7.74167189e+01
1928            	7.74158714e+01
1929            	7.74043251e+01
1930            	7.74098164e+01
1931            	7.74151573e+01
1932            	7.74162805e+01
1933            	7.74121323e+01
1934            	7.74089154e+01
1935            	7.74103315e+01
1936            	7.74060545e+01
1937            	7.74144070e+01
1938            	7.74157067e+01
1939            	7.74173070e+01
1940            	7.74121102e+01
1941            	7.74043395e+01
1942            	7.74113474e+01
1943            	7.74146466e+01
1944            	7.74107375e+01
1945            	7.74164230e+01
1946            	7.74141628e+01
1947            	7.74081539e+01
1948            	7.74081482e+01
1949            	7.74090030e+01
1950            	7.74097563e+01
1951            	7.74117474e+01
1952            	7.74174284e+01
1953            	7.74082127e+01
1954            	7.74108031e+01
1955            	7.74132771e+01
1956            	7.74167711e+01
1957            	7.74046005e+01
1958            	7.74177841e+01
1959            	7.74173466e+01
1960            	7.74150315e+01
1961            	7.74104797e+01
1962            	7.74076376e+01
1963            	7.74156640e+01
1964            	7.74093391e+01
1965            	7.74071595e+01
1966            	7.74134692e+01
1967            	7.74135814e+01
1968            	7.74160404e+01
1969            	7.74036106e+01
1970            	7.74078278e+01
1971            	7.74183604e+01
1972            	7.74139592e+01
1973            	7.74092011e+01
1974            	7.74177373e+01
1975            	7.74088941e+01
1976            	7.74095893e+01
1977            	7.74114387e+01
1978            	7.74085696e+01
1979            	7.74133787e+01
1980            	7.74135804e+01
1981            	7.74116276e+01
1982            	7.74178819e+01
1983            	7.74098370e+01
1984            	7.74062053e+01
1985            	7.74106555e+01
1986            	7.74087972e+01
1987            	7.74158994e+01
1988            	7.74238140e+01
1989            	7.74098061e+01
1990            	7.74134614e+01
1991            	7.74142159e+01
1992            	7.74026165e+01
1993            	7.74095418e+01
1994            	7.74149696e+01
1995            	7.74128700e+01
1996            	7.74102939e+01
1997            	7.74127566e+01
1998            	7.74131517e+01
1999            	7.74119442e+01
2000            	7.74158213e+01
2001            	7.74195728e+01
2002            	7.74120701e+01
2003            	7.74061413e+01
2004            	7.74070829e+01
2005            	7.74099113e+01
2006            	7.74118280e+01
2007            	7.74185986e+01
2008            	7.74159507e+01
2009            	7.74068219e+01
2010            	7.74127119e+01
2011            	7.74170377e+01
2012            	7.74077592e+01
2013            	7.74094833e+01
2014            	7.74082161e+01
2015            	7.74147592e+01
2016            	7.74150821e+01
2017            	7.74134765e+01
2018            	7.74139390e+01
2019            	7.74114901e+01
2020            	7.74060567e+01
2021            	7.74077063e+01
2022            	7.74154015e+01
2023            	7.74179264e+01
2024            	7.74201191e+01
2025            	7.74129703e+01
2026            	7.74034791e+01
2027            	7.74106185e+01
2028            	7.74128680e+01
2029            	7.74136533e+01
2030            	7.74076495e+01
2031            	7.74098158e+01
2032            	7.74161877e+01
2033            	7.74125083e+01
2034            	7.74172176e+01
2035            	7.74138904e+01
2036            	7.74114852e+01
2037            	7.74165999e+01
2038            	7.74085589e+01
2039            	7.74037804e+01
2040            	7.74179028e+01
2041            	7.74108644e+01
2042            	7.74170483e+01
2043            	7.74147512e+01
2044            	7.74177518e+01
2045            	7.74087100e+01
2046            	7.74013883e+01
2047            	7.74137855e+01
2048            	7.74152350e+01
2049            	7.74130385e+01
2050            	7.74109934e+01
2051            	7.74103990e+01
2052            	7.74148038e+01
2053            	7.74202605e+01
2054            	7.74086075e+01
2055            	7.74110884e+01
2056            	7.74049349e+01
2057            	7.74088433e+01
2058            	7.74155735e+01
2059            	7.74179630e+01
2060            	7.74140387e+01
2061            	7.74157506e+01
2062            	7.74176580e+01
2063            	7.74132395e+01
2064            	7.74080070e+01
2065            	7.74169355e+01
2066            	7.74055347e+01
2067            	7.74062919e+01
2068            	7.74145188e+01
2069            	7.74196524e+01
2070            	7.74152698e+01
2071            	7.74086748e+01
2072            	7.74055033e+01
2073            	7.74089940e+01
2074            	7.74138035e+01
2075            	7.74111652e+01
2076            	7.74112315e+01
2077            	7.74159031e+01
2078            	7.74190141e+01
2079            	7.74099922e+01
2080            	7.74198394e+01
2081            	7.74164305e+01
2082            	7.74117990e+01
2083            	7.74044867e+01
2084            	7.74148945e+01
2085            	7.74135020e+01
2086            	7.74181732e+01
2087            	7.74144606e+01
2088            	7.74084536e+01
2089            	7.74116796e+01
2090            	7.74157979e+01
2091            	7.74061047e+01
2092            	7.74071401e+01
2093            	7.74186821e+01
2094            	7.74156498e+01
2095            	7.74133489e+01
2096            	7.74163774e+01
2097            	7.74092518e+01
2098            	7.74045359e+01
2099            	7.74075095e+01
2100            	7.74216681e+01
2101            	7.74131752e+01
2102            	7.74164917e+01
2103            	7.74105071e+01
2104            	7.74115443e+01
2105            	7.74140145e+01
2106            	7.74160547e+01
2107            	7.74066335e+01
2108            	7.74111010e+01
2109            	7.74130737e+01
2110            	7.74129515e+01
2111            	7.74106759e+01
2112            	7.74155075e+01
2113            	7.74162313e+01
2114            	7.74099541e+01
2115            	7.74135259e+01
2116            	7.74107291e+01
2117            	7.74132660e+01
2118            	7.74158653e+01
2119            	7.74142419e+01
2120            	7.74102526e+01
2121            	7.74066798e+01
2122            	7.74168016e+01
2123            	7.74100231e+01
2124            	7.74044938e+01
2125            	7.74093356e+01
2126            	7.74132391e+01
2127            	7.74182545e+01
2128            	7.74140088e+01
2129            	7.74103199e+01
2130            	7.74159527e+01
2131            	7.74091145e+01
2132            	7.74100426e+01
2133            	7.74175670e+01
2134            	7.74168124e+01
2135            	7.74054221e+01
2136            	7.74093195e+01
2137            	7.74099605e+01
2138            	7.74175524e+01
2139            	7.74173670e+01
2140            	7.74130375e+01
2141            	7.74044813e+01
2142            	7.74140698e+01
2143            	7.74125725e+01
2144            	7.74161530e+01
2145            	7.74158223e+01
2146            	7.74124221e+01
2147            	7.74126500e+01
2148            	7.74099552e+01
2149            	7.74090583e+01
2150            	7.74159621e+01
2151            	7.74103835e+01
2152            	7.74143948e+01
2153            	7.74189013e+01
2154            	7.74127438e+01
2155            	7.74083338e+01
2156            	7.74114471e+01
2157            	7.74117515e+01
2158            	7.74128831e+01
2159            	7.74104159e+01
2160            	7.74142802e+01
2161            	7.74094762e+01
2162            	7.74162976e+01
2163            	7.74172459e+01
2164            	7.74098164e+01
2165            	7.74077669e+01
2166            	7.74138722e+01
2167            	7.74144336e+01
2168            	7.74050433e+01
2169            	7.74078562e+01
2170            	7.74128324e+01
2171            	7.74109137e+01
2172            	7.74145671e+01
2173            	7.74133826e+01
2174            	7.74159895e+01
2175            	7.74153493e+01
2176            	7.74088226e+01
2177            	7.74090754e+01
2178            	7.74182159e+01
2179            	7.74057190e+01
2180            	7.74126666e+01
2181            	7.74171220e+01
2182            	7.74146724e+01
2183            	7.74065524e+01
2184            	7.74117850e+01
2185            	7.74088310e+01
2186            	7.74205583e+01
2187            	7.74198085e+01
2188            	7.74062757e+01
2189            	7.74119756e+01
2190            	7.74070239e+01
2191            	7.74109049e+01
2192            	7.74104282e+01
2193            	7.74021462e+01
2194            	7.74120842e+01
2195            	7.74233956e+01
2196            	7.74162498e+01
2197            	7.74057367e+01
2198            	7.74171976e+01
2199            	7.74136244e+01
2200            	7.74158277e+01
2201            	7.74101693e+01
2202            	7.74041238e+01
2203            	7.74158303e+01
2204            	7.74162689e+01
2205            	7.74108993e+01
2206            	7.74138591e+01
2207            	7.74137975e+01
2208            	7.74148564e+01
2209            	7.74103214e+01
2210            	7.74130096e+01
2211            	7.74186468e+01
2212            	7.74149794e+01
2213            	7.74102587e+01
2214            	7.74168321e+01
2215            	7.74177924e+01
2216            	7.73988186e+01
2217            	7.74091755e+01
2218            	7.74174273e+01
2219            	7.74081868e+01
2220            	7.74174609e+01
2221            	7.74177545e+01
2222            	7.74037105e+01
2223            	7.74126283e+01
2224            	7.74151854e+01
2225            	7.74148656e+01
2226            	7.74164792e+01
2227            	7.74104454e+01
2228            	7.74066782e+01
2229            	7.74108691e+01
2230            	7.74132297e+01
2231            	7.74115738e+01
2232            	7.74113537e+01
2233            	7.74119721e+01
2234            	7.74194494e+01
2235            	7.74151002e+01
2236            	7.74109775e+01
2237            	7.74098459e+01
2238            	7.74110989e+01
2239            	7.74140586e+01
2240            	7.74122475e+01
2241            	7.74133746e+01
2242            	7.74110299e+01
2243            	7.74117808e+01
2244            	7.74076218e+01
2245            	7.74097123e+01
2246            	7.74145043e+01
2247            	7.74149969e+01
2248            	7.74106357e+01
2249            	7.74112361e+01
2250            	7.74070039e+01
2251            	7.74105130e+01
2252            	7.74267080e+01
2253            	7.74133940e+01
2254            	7.74088637e+01
2255            	7.74128338e+01
2256            	7.74088194e+01
2257            	7.74094123e+01
2258            	7.74145863e+01
2259            	7.74091911e+01
2260            	7.74153661e+01
2261            	7.74080875e+01
2262            	7.74058842e+01
2263            	7.74078035e+01
2264            	7.74188698e+01
2265            	7.74183496e+01
2266            	7.74181262e+01
2267            	7.74075299e+01
2268            	7.74122898e+01
2269            	7.74092197e+01
2270            	7.74075937e+01
2271            	7.74110877e+01
2272            	7.74102361e+01
2273            	7.74168962e+01
2274            	7.74187454e+01
2275            	7.74110161e+01
2276            	7.74122488e+01
2277            	7.74102207e+01
2278            	7.74060838e+01
2279            	7.74148960e+01
2280            	7.74134321e+01
2281            	7.74132575e+01
2282            	7.74141860e+01
2283            	7.74108431e+01
2284            	7.74103914e+01
2285            	7.74119508e+01
2286            	7.74090556e+01
2287            	7.74125477e+01
2288            	7.74158814e+01
2289            	7.74093121e+01
2290            	7.74112061e+01
2291            	7.74065346e+01
2292            	7.74108221e+01
2293            	7.74147990e+01
2294            	7.74153834e+01
2295            	7.74136626e+01
2296            	7.74053656e+01
2297            	7.74096150e+01
2298            	7.74143742e+01
2299            	7.74110925e+01
2300            	7.74110328e+01
2301            	7.74105804e+01
2302            	7.74113289e+01
2303            	7.74115066e+01
2304            	7.74136729e+01
2305            	7.74122974e+01
2306            	7.74119244e+01
2307            	7.74107675e+01
2308            	7.74152235e+01
2309            	7.74107949e+01
2310            	7.74105885e+01
2311            	7.74151869e+01
2312            	7.74103385e+01
2313            	7.74104830e+01
2314            	7.74105646e+01
2315            	7.74093506e+01
2316            	7.74136952e+01
2317            	7.74124524e+01
2318            	7.74119824e+01
2319            	7.74081145e+01
2320            	7.74146324e+01
2321            	7.74125944e+01
2322            	7.74108021e+01
2323            	7.74134988e+01
2324            	7.74130942e+01
2325            	7.74080360e+01
2326            	7.74150025e+01
2327            	7.74147197e+01
2328            	7.74087206e+01
2329            	7.74091822e+01
2330            	7.74142660e+01
2331            	7.74056256e+01
2332            	7.74082529e+01
2333            	7.74153893e+01
2334            	7.74087673e+01
2335            	7.74106836e+01
2336            	7.74199927e+01
2337            	7.74105152e+01
2338            	7.74096370e+01
2339            	7.74163459e+01
2340            	7.74051220e+01
2341            	7.74105881e+01
2342            	7.74189373e+01
2343            	7.74120701e+01
2344            	7.74125715e+01
2345            	7.74131962e+01
2346            	7.74108234e+01
2347            	7.74105816e+01
2348            	7.74120403e+01
2349            	7.74018495e+01
2350            	7.74109447e+01
2351            	7.74172069e+01
2352            	7.74059079e+01
2353            	7.74106830e+01
2354            	7.74162350e+01
2355            	7.74137433e+01
2356            	7.74108681e+01
2357            	7.74067969e+01
2358            	7.74188061e+01
2359            	7.74228189e+01
2360            	7.74092549e+01
2361            	7.74066657e+01
2362            	7.74146307e+01
2363            	7.74078169e+01
2364            	7.74158076e+01
2365            	7.74193911e+01
2366            	7.74078321e+01
2367            	7.74029553e+01
2368            	7.74111063e+01
2369            	7.74115183e+01
2370            	7.74164633e+01
2371            	7.74157417e+01
2372            	7.74174622e+01
2373            	7.74120990e+01
2374            	7.74140166e+01
2375            	7.74136224e+01
2376            	7.74099189e+01
2377            	7.74117015e+01
2378            	7.74097799e+01
2379            	7.74146954e+01
2380            	7.74100467e+01
2381            	7.74118580e+01
2382            	7.74090679e+01
2383            	7.74134085e+01
2384            	7.74120643e+01
2385            	7.74095604e+01
2386            	7.74141524e+01
2387            	7.74165434e+01
2388            	7.74183294e+01
2389            	7.74090408e+01
2390            	7.74133615e+01
2391            	7.74085637e+01
2392            	7.74149282e+01
2393            	7.74109266e+01
2394            	7.74142859e+01
2395            	7.74087406e+01
2396            	7.74109090e+01
2397            	7.74117331e+01
2398            	7.74170770e+01
2399            	7.74104186e+01
2400            	7.74070106e+01
2401            	7.74097052e+01
2402            	7.74148803e+01
2403            	7.74099334e+01
2404            	7.74189007e+01
2405            	7.74113097e+01
2406            	7.74073328e+01
2407            	7.74110138e+01
2408            	7.74217633e+01
2409            	7.74101634e+01
2410            	7.74089199e+01
2411            	7.74111873e+01
2412            	7.74091989e+01
2413            	7.74164149e+01
2414            	7.74123112e+01
2415            	7.74115207e+01
2416            	7.74078764e+01
2417            	7.74018432e+01
2418            	7.74175917e+01
2419            	7.74158402e+01
2420            	7.74124453e+01
2421            	7.74149132e+01
2422            	7.74135515e+01
2423            	7.74090709e+01
2424            	7.74104148e+01
2425            	7.74057449e+01
2426            	7.74155289e+01
2427            	7.74126244e+01
2428            	7.74142360e+01
2429            	7.74111997e+01
2430            	7.74113111e+01
2431            	7.74087475e+01
2432            	7.74158021e+01
2433            	7.74122918e+01
2434            	7.74120186e+01
2435            	7.74149726e+01
2436            	7.74082896e+01
2437            	7.74104258e+01
2438            	7.74151815e+01
2439            	7.74127647e+01
2440            	7.74121654e+01
2441            	7.74056850e+01
2442            	7.74126702e+01
2443            	7.74098392e+01
2444            	7.74145695e+01
2445            	7.74143194e+01
2446            	7.74132348e+01
2447            	7.74101489e+01
2448            	7.74089294e+01
2449            	7.74136835e+01
2450            	7.74152380e+01
2451            	7.74065558e+01
2452            	7.74167746e+01
2453            	7.74128610e+01
2454            	7.74066902e+01
2455            	7.74092751e+01
2456            	7.74134809e+01
2457            	7.74148493e+01
2458            	7.74112485e+01
2459            	7.74136610e+01
2460            	7.74173670e+01
2461            	7.74042898e+01
2462            	7.74082858e+01
2463            	7.74208825e+01
2464            	7.74165728e+01
2465            	7.74104475e+01
2466            	7.74116510e+01
2467            	7.74095365e+01
2468            	7.74061937e+01
2469            	7.74072502e+01
2470            	7.74135956e+01
2471            	7.74157260e+01
2472            	7.74126001e+01
2473            	7.74102942e+01
2474            	7.74093316e+01
2475            	7.74116598e+01
2476            	7.74162430e+01
2477            	7.74114955e+01
2478            	7.74106530e+01
2479            	7.74129015e+01
2480            	7.74117248e+01
2481            	7.74092019e+01
2482            	7.74140534e+01
2483            	7.74140595e+01
2484            	7.74131061e+01
2485            	7.74101464e+01
2486            	7.74133957e+01
2487            	7.74141283e+01
2488            	7.74098386e+01
2489            	7.74128730e+01
2490            	7.74099706e+01
2491            	7.74042385e+01
2492            	7.74076879e+01
2493            	7.74214123e+01
2494            	7.74139735e+01
2495            	7.74057781e+01
2496            	7.74111050e+01
2497            	7.74148479e+01
2498            	7.74123229e+01
2499            	7.74108469e+01
2500            	7.74121347e+01
2501            	7.74092094e+01
2502            	7.74138123e+01
2503            	7.74086143e+01
2504            	7.74121144e+01
2505            	7.74125469e+01
2506            	7.74201357e+01
2507            	7.74073670e+01
2508            	7.74071630e+01
2509            	7.74077885e+01
2510            	7.74127496e+01
2511            	7.74103453e+01
2512            	7.74174713e+01
2513            	7.74091416e+01
2514            	7.74116362e+01
2515            	7.74168677e+01
2516            	7.74072153e+01
2517            	7.74095363e+01
2518            	7.74129295e+01
2519            	7.74080304e+01
2520            	7.74097193e+01
2521            	7.74151321e+01
2522            	7.74201837e+01
2523            	7.74086230e+01
2524            	7.74132057e+01
2525            	7.74127080e+01
2526            	7.74140472e+01
2527            	7.74109226e+01
2528            	7.74081448e+01
2529            	7.74072347e+01
2530            	7.74144200e+01
2531            	7.74143797e+01
2532            	7.74078916e+01
2533            	7.74155088e+01
2534            	7.74125583e+01
2535            	7.74088308e+01
2536            	7.74055723e+01
2537            	7.74105755e+01
2538            	7.74097289e+01
2539            	7.74142705e+01
2540            	7.74123735e+01
2541            	7.74104467e+01
2542            	7.74152279e+01
2543            	7.74108901e+01
2544            	7.74068968e+01
2545            	7.74099675e+01
2546            	7.74195483e+01
2547            	7.74133748e+01
2548            	7.74114974e+01
2549            	7.74134858e+01
2550            	7.74101847e+01
2551            	7.74053237e+01
2552            	7.74129804e+01
2553            	7.74086137e+01
2554            	7.74114020e+01
2555            	7.74174296e+01
2556            	7.74180316e+01
2557            	7.74118740e+01
2558            	7.74121425e+01
2559            	7.74097312e+01
2560            	7.74030006e+01
2561            	7.74142457e+01
2562            	7.74143396e+01
2563            	7.74116378e+01
2564            	7.74159321e+01
2565            	7.74143315e+01
2566            	7.74083486e+01
2567            	7.74180891e+01
2568            	7.74118210e+01
2569            	7.74081004e+01
2570            	7.74096504e+01
2571            	7.74187551e+01
2572            	7.74162755e+01
2573            	7.74051509e+01
2574            	7.74072746e+01
2575            	7.74100153e+01
2576            	7.74156971e+01
2577            	7.74165329e+01
2578            	7.74118104e+01
2579            	7.74115619e+01
2580            	7.74144075e+01
2581            	7.74096651e+01
2582            	7.74113782e+01
2583            	7.74143887e+01
2584            	7.74224314e+01
2585            	7.74151782e+01
2586            	7.74083753e+01
2587            	7.74061410e+01
2588            	7.74133193e+01
2589            	7.74125761e+01
2590            	7.74087243e+01
2591            	7.74132812e+01
2592            	7.74109168e+01
2593            	7.74110515e+01
2594            	7.74158098e+01
2595            	7.74123913e+01
2596            	7.74092766e+01
2597            	7.74189953e+01
2598            	7.74088913e+01
2599            	7.74102606e+01
2600            	7.74187940e+01
2601            	7.74146033e+01
2602            	7.74101919e+01
2603            	7.74077835e+01
2604            	7.74170599e+01
2605            	7.74105089e+01
2606            	7.74144178e+01
2607            	7.74166277e+01
2608            	7.74132554e+01
2609            	7.74090504e+01
2610            	7.74111476e+01
2611            	7.74106738e+01
2612            	7.74173406e+01
2613            	7.74126691e+01
2614            	7.74113098e+01
2615            	7.74104284e+01
2616            	7.74118343e+01
2617            	7.74149630e+01
2618            	7.74122360e+01
2619            	7.74037944e+01
2620            	7.74133244e+01
2621            	7.74062070e+01
2622            	7.74150194e+01
2623            	7.74144796e+01
2624            	7.74149632e+01
2625            	7.74096112e+01
2626            	7.74135871e+01
2627            	7.74128028e+01
2628            	7.74110417e+01
2629            	7.74199950e+01
2630            	7.74126597e+01
2631            	7.74081800e+01
2632            	7.74125666e+01
2633            	7.74053590e+01
2634            	7.74163295e+01
2635            	7.74170647e+01
2636            	7.74115807e+01
2637            	7.74126053e+01
2638            	7.74089487e+01
2639            	7.74116765e+01
2640            	7.74193101e+01
2641            	7.74118893e+01
2642            	7.74143955e+01
2643            	7.74146948e+01
2644            	7.74082440e+01
2645            	7.74146450e+01
2646            	7.74169463e+01
2647            	7.74055851e+01
2648            	7.74093386e+01
2649            	7.74092434e+01
2650            	7.74168263e+01
2651            	7.74137918e+01
2652            	7.74085526e+01
2653            	7.74103164e+01
2654            	7.74183896e+01
2655            	7.74134864e+01
2656            	7.74077486e+01
2657            	7.74108263e+01
2658            	7.74152069e+01
2659            	7.74141256e+01
2660            	7.74181259e+01
2661            	7.74163501e+01
2662            	7.74096031e+01
2663            	7.74013006e+01
2664            	7.74128290e+01
2665            	7.74038301e+01
2666            	7.74108234e+01
2667            	7.74169865e+01
2668            	7.74239672e+01
2669            	7.74119631e+01
2670            	7.74076317e+01
2671            	7.74135229e+01
2672            	7.74159450e+01
2673            	7.74080535e+01
2674            	7.74166099e+01
2675            	7.74131340e+01
2676            	7.74129779e+01
2677            	7.74109609e+01
2678            	7.74103635e+01
2679            	7.74068354e+01
2680            	7.74145961e+01
2681            	7.74170039e+01
2682            	7.74095965e+01
2683            	7.74124574e+01
2684            	7.74106080e+01
2685            	7.74014592e+01
2686            	7.74123824e+01
2687            	7.74160018e+01
2688            	7.74147477e+01
2689            	7.74128319e+01
2690            	7.74126159e+01
2691            	7.74155226e+01
2692            	7.74105239e+01
2693            	7.74125772e+01
2694            	7.74191570e+01
2695            	7.74164909e+01
2696            	7.74085503e+01
2697            	7.74103913e+01
2698            	7.74077827e+01
2699            	7.74087577e+01
2700            	7.74128067e+01
2701            	7.74112526e+01
2702            	7.74122020e+01
2703            	7.74118493e+01
2704            	7.74108858e+01
2705            	7.74156868e+01
2706            	7.74183825e+01
2707            	7.74151126e+01
2708            	7.74088379e+01
2709            	7.74076913e+01
2710            	7.74082918e+01
2711            	7.74082601e+01
2712            	7.74129044e+01
2713            	7.74152534e+01
2714            	7.74160323e+01
2715            	7.74154753e+01
2716            	7.74117671e+01
2717            	7.74054284e+01
2718            	7.74120828e+01
2719            	7.74157266e+01
2720            	7.74118778e+01
2721            	7.74138209e+01
2722            	7.74160749e+01
2723            	7.74109613e+01
2724            	7.74089614e+01
2725            	7.74084729e+01
2726            	7.74074063e+01
2727            	7.74209772e+01
2728            	7.74174221e+01
2729            	7.74095548e+01
2730            	7.74095178e+01
2731            	7.74127673e+01
2732            	7.74101869e+01
2733            	7.74119011e+01
2734            	7.74079498e+01
2735            	7.74092555e+01
2736            	7.74157913e+01
2737            	7.74152701e+01
2738            	7.74125643e+01
2739            	7.74112552e+01
2740            	7.74078994e+01
2741            	7.74095550e+01
2742            	7.74138593e+01
2743            	7.74127881e+01
2744            	7.74129716e+01
2745            	7.74177571e+01
2746            	7.74123144e+01
2747            	7.74107083e+01
2748            	7.74136768e+01
2749            	7.74191722e+01
2750            	7.74089981e+01
2751            	7.74023324e+01
2752            	7.74200171e+01
2753            	7.74136813e+01
2754            	7.74045449e+01
2755            	7.74146699e+01
2756            	7.74139325e+01
2757            	7.74133907e+01
2758            	7.74102939e+01
2759            	7.74134971e+01
2760            	7.74060037e+01
2761            	7.74097039e+01
2762            	7.74127605e+01
2763            	7.74120244e+01
2764            	7.74110047e+01
2765            	7.74138218e+01
2766            	7.74133936e+01
2767            	7.74171351e+01
2768            	7.74098072e+01
2769            	7.74075766e+01
2770            	7.74118956e+01
2771            	7.74141632e+01
2772            	7.74112043e+01
2773            	7.74147186e+01
2774            	7.74114874e+01
2775            	7.74115951e+01
2776            	7.74137918e+01
2777            	7.74130507e+01
2778            	7.74083646e+01
2779            	7.74130292e+01
2780            	7.74168948e+01
2781            	7.74052594e+01
2782            	7.74139003e+01
2783            	7.74109760e+01
2784            	7.74074582e+01
2785            	7.74227789e+01
2786            	7.74150049e+01
2787            	7.74072847e+01
2788            	7.74117177e+01
2789            	7.74124996e+01
2790            	7.74071283e+01
2791            	7.74148177e+01
2792            	7.74142942e+01
2793            	7.74102797e+01
2794            	7.74131958e+01
2795            	7.74071416e+01
2796            	7.74061037e+01
2797            	7.74119850e+01
2798            	7.74119940e+01
2799            	7.74166305e+01
2800            	7.74173960e+01
2801            	7.74122415e+01
2802            	7.74099726e+01
2803            	7.74117034e+01
2804            	7.74128808e+01
2805            	7.74063647e+01
2806            	7.74069699e+01
2807            	7.74117439e+01
2808            	7.74160972e+01
2809            	7.74158065e+01
2810            	7.74130615e+01
2811            	7.74085852e+01
2812            	7.74103704e+01
2813            	7.74092951e+01
2814            	7.74137385e+01
2815            	7.74148767e+01
2816            	7.74179947e+01
2817            	7.74141658e+01
2818            	7.74129161e+01
2819            	7.74108681e+01
2820            	7.74109264e+01
2821            	7.74129851e+01
2822            	7.74082453e+01
2823            	7.74104428e+01
2824            	7.74179295e+01
2825            	7.74114942e+01
2826            	7.74001136e+01
2827            	7.74098324e+01
2828            	7.74182138e+01
2829            	7.74139896e+01
2830            	7.74115168e+01
2831            	7.74082483e+01
2832            	7.74124607e+01
2833            	7.74068614e+01
2834            	7.74106079e+01
2835            	7.74192107e+01
2836            	7.74241734e+01
2837            	7.74050886e+01
2838            	7.74108220e+01
2839            	7.74148687e+01
2840            	7.74128087e+01
2841            	7.74026742e+01
2842            	7.74152774e+01
2843            	7.74121092e+01
2844            	7.74156386e+01
2845            	7.74157792e+01
2846            	7.74135077e+01
2847            	7.74032087e+01
2848            	7.74158233e+01
2849            	7.74124762e+01
2850            	7.74066301e+01
2851            	7.74080915e+01
2852            	7.74134119e+01
2853            	7.74205939e+01
2854            	7.74126240e+01
2855            	7.74108849e+01
2856            	7.74081914e+01
2857            	7.74134444e+01
2858            	7.74156190e+01
2859            	7.74102788e+01
2860            	7.74127857e+01
2861            	7.74117573e+01
2862            	7.74127332e+01
2863            	7.74107371e+01
2864            	7.74177952e+01
2865            	7.74139690e+01
2866            	7.74064947e+01
2867            	7.74095203e+01
2868            	7.74195458e+01
2869            	7.74105618e+01
2870            	7.74094537e+01
2871            	7.74079022e+01
2872            	7.74147290e+01
2873            	7.74075618e+01
2874            	7.74136306e+01
2875            	7.74157042e+01
2876            	7.74147435e+01
2877            	7.74069152e+01
2878            	7.74188963e+01
2879            	7.74137409e+01
2880            	7.74134974e+01
2881            	7.74103383e+01
2882            	7.74090114e+01
2883            	7.74156437e+01
2884            	7.74092394e+01
2885            	7.74064126e+01
2886            	7.74144907e+01
2887            	7.74186355e+01
2888            	7.74147823e+01
2889            	7.74118867e+01
2890            	7.74128473e+01
2891            	7.74145742e+01
2892            	7.74119246e+01
2893            	7.74077377e+01
2894            	7.74118103e+01
2895            	7.74139888e+01
2896            	7.74102288e+01
2897            	7.74048270e+01
2898            	7.74126213e+01
2899            	7.74113955e+01
2900            	7.74109727e+01
2901            	7.74143454e+01
2902            	7.74208352e+01
2903            	7.74128714e+01
2904            	7.74126117e+01
2905            	7.74089996e+01
2906            	7.74162579e+01
2907            	7.74157283e+01
2908            	7.74087749e+01
2909            	7.74133039e+01
2910            	7.74113677e+01
2911            	7.74174668e+01
2912            	7.74144837e+01
2913            	7.74135149e+01
2914            	7.74058055e+01
2915            	7.74079845e+01
2916            	7.74140350e+01
2917            	7.74164954e+01
2918            	7.74102012e+01
2919            	7.74034626e+01
2920            	7.74066343e+01
2921            	7.74165969e+01
2922            	7.74221830e+01
2923            	7.74112408e+01
2924            	7.74119456e+01
2925            	7.74157852e+01
2926            	7.74124537e+01
2927            	7.74112625e+01
2928            	7.74075944e+01
2929            	7.74099191e+01
2930            	7.74142226e+01
2931            	7.74158090e+01
2932            	7.74105607e+01
2933            	7.74137136e+01
2934            	7.74123475e+01
2935            	7.74100990e+01
2936            	7.74116096e+01
2937            	7.74112244e+01
2938            	7.74172062e+01
2939            	7.74186209e+01
2940            	7.74154529e+01
2941            	7.74120176e+01
2942            	7.74094974e+01
2943            	7.74072036e+01
2944            	7.74131181e+01
2945            	7.74176944e+01
2946            	7.74150899e+01
2947            	7.74049195e+01
2948            	7.74125987e+01
2949            	7.74101947e+01
2950            	7.74091538e+01
2951            	7.74100508e+01
2952            	7.74169764e+01
2953            	7.74157953e+01
2954            	7.74131990e+01
2955            	7.74104814e+01
2956            	7.74052949e+01
2957            	7.74095057e+01
2958            	7.74135002e+01
2959            	7.74119322e+01
2960            	7.74192639e+01
2961            	7.74073197e+01
2962            	7.74102325e+01
2963            	7.74132721e+01
2964            	7.74192911e+01
2965            	7.74121294e+01
2966            	7.74074087e+01
2967            	7.74168807e+01
2968            	7.74174428e+01
2969            	7.73994736e+01
2970            	7.74130206e+01
2971            	7.74155716e+01
2972            	7.74125945e+01
2973            	7.74075850e+01
2974            	7.74086657e+01
2975            	7.74114623e+01
2976            	7.74196182e+01
2977            	7.74149976e+01
2978            	7.74162299e+01
2979            	7.74125092e+01
2980            	7.74083372e+01
2981            	7.74059701e+01
2982            	7.74049474e+01
2983            	7.74145202e+01
2984            	7.74167098e+01
2985            	7.74091180e+01
2986            	7.74167003e+01
2987            	7.74101785e+01
2988            	7.74141436e+01
2989            	7.74158408e+01
2990            	7.74081764e+01
2991            	7.74047971e+01
2992            	7.74111618e+01
2993            	7.74143990e+01
2994            	7.74158332e+01
2995            	7.74101414e+01
2996            	7.74095806e+01
2997            	7.74204960e+01
2998            	7.74083448e+01
2999            	7.74087050e+01
3000            	7.74059767e+01
3001            	7.74073562e+01
3002            	7.74167100e+01
3003            	7.74200358e+01
3004            	7.74184544e+01
3005            	7.74019187e+01
3006            	7.74086694e+01
3007            	7.74114748e+01
3008            	7.74173022e+01
3009            	7.74136563e+01
3010            	7.74108633e+01
3011            	7.74137123e+01
3012            	7.74159609e+01
3013            	7.74084975e+01
3014            	7.74113338e+01
3015            	7.74090194e+01
3016            	7.74083683e+01
3017            	7.74126784e+01
3018            	7.74128978e+01
3019            	7.74150497e+01
3020            	7.74058708e+01
3021            	7.74078308e+01
3022            	7.74125749e+01
3023            	7.74101900e+01
3024            	7.74120586e+01
3025            	7.74128867e+01
3026            	7.74132611e+01
3027            	7.74023480e+01
3028            	7.74118667e+01
3029            	7.74155164e+01
3030            	7.74244331e+01
3031            	7.74111666e+01
3032            	7.74066193e+01
3033            	7.74101162e+01
3034            	7.74149952e+01
3035            	7.74099623e+01
3036            	7.74129000e+01
3037            	7.74069562e+01
3038            	7.74095162e+01
3039            	7.74186742e+01
3040            	7.74164853e+01
3041            	7.74078140e+01
3042            	7.74122477e+01
3043            	7.74109903e+01
3044            	7.74103832e+01
3045            	7.74105388e+01
3046            	7.74045267e+01
3047            	7.74088608e+01
3048            	7.74228411e+01
3049            	7.74185814e+01
3050            	7.74147677e+01
3051            	7.74087713e+01
3052            	7.74086067e+01
3053            	7.74067319e+01
3054            	7.74082930e+01
3055            	7.74130024e+01
3056            	7.74068153e+01
3057            	7.74166627e+01
3058            	7.74192168e+01
3059            	7.74117715e+01
3060            	7.74060110e+01
3061            	7.74115398e+01
3062            	7.74174904e+01
3063            	7.74093493e+01
3064            	7.74126931e+01
3065            	7.74073120e+01
3066            	7.74073124e+01
3067            	7.74131040e+01
3068            	7.74204954e+01
3069            	7.74126249e+01
3070            	7.74063856e+01
3071            	7.74075124e+01
3072            	7.74095752e+01
3073            	7.74113566e+01
3074            	7.74120644e+01
3075            	7.74173051e+01
3076            	7.74145984e+01
3077            	7.74140354e+01
3078            	7.74113394e+01
3079            	7.74143681e+01
3080            	7.74183851e+01
3081            	7.74055432e+01
3082            	7.74092418e+01
3083            	7.74127279e+01
3084            	7.74081402e+01
3085            	7.74191420e+01
3086            	7.74194891e+01
3087            	7.74075420e+01
3088            	7.74058536e+01
3089            	7.74095768e+01
3090            	7.74116265e+01
3091            	7.74117621e+01
3092            	7.74153889e+01
3093            	7.74109556e+01
3094            	7.74127792e+01
3095            	7.74172313e+01
3096            	7.74145880e+01
3097            	7.74020893e+01
3098            	7.74147145e+01
3099            	7.74129905e+01
3100            	7.74199529e+01
3101            	7.74107454e+01
3102            	7.74061214e+01
3103            	7.74089508e+01
3104            	7.74092559e+01
3105            	7.74132753e+01
3106            	7.74174426e+01
3107            	7.74128845e+01
3108            	7.74153893e+01
3109            	7.74088167e+01
3110            	7.74095198e+01
3111            	7.74172174e+01
3112            	7.74124994e+01
3113            	7.74091031e+01
3114            	7.74119410e+01
3115            	7.74119197e+01
3116            	7.74140150e+01
3117            	7.74106626e+01
3118            	7.74077414e+01
3119            	7.74044595e+01
3120            	7.74093785e+01
3121            	7.74183387e+01
3122            	7.74174525e+01
3123            	7.74121130e+01
3124            	7.74094043e+01
3125            	7.74078991e+01
3126            	7.74124522e+01
3127            	7.74088894e+01
3128            	7.74138505e+01
3129            	7.74141393e+01
3130            	7.74169772e+01
3131            	7.74136589e+01
3132            	7.74127926e+01
3133            	7.74112430e+01
3134            	7.74128850e+01
3135            	7.74097772e+01
3136            	7.74111774e+01
3137            	7.74170705e+01
3138            	7.74093893e+01
3139            	7.74058776e+01
3140            	7.74102563e+01
3141            	7.74146972e+01
3142            	7.74155535e+01
3143            	7.74152791e+01
3144            	7.74170457e+01
3145            	7.74070752e+01
3146            	7.74097873e+01
3147            	7.74125205e+01
3148            	7.74087202e+01
3149            	7.74087186e+01
3150            	7.74158728e+01
3151            	7.74137072e+01
3152            	7.74095437e+01
3153            	7.74062724e+01
3154            	7.74169391e+01
3155            	7.74182099e+01
3156            	7.74037994e+01
3157            	7.74113259e+01
3158            	7.74153371e+01
3159            	7.74072999e+01
3160            	7.74099617e+01
3161            	7.74093841e+01
3162            	7.74156502e+01
3163            	7.74154314e+01
3164            	7.74171254e+01
3165            	7.74158941e+01
3166            	7.74103800e+01
3167            	7.74034733e+01
3168            	7.74113990e+01
3169            	7.74105186e+01
3170            	7.74147316e+01
3171            	7.74178592e+01
3172            	7.74162573e+01
3173            	7.74144629e+01
3174            	7.74094662e+01
3175            	7.74088758e+01
3176            	7.74052758e+01
3177            	7.74083960e+01
3178            	7.74122363e+01
3179            	7.74147471e+01
3180            	7.74183690e+01
3181            	7.74127784e+01
3182            	7.74112347e+01
3183            	7.74090345e+01
3184            	7.74116060e+01
3185            	7.74144023e+01
3186            	7.74143326e+01
3187            	7.74121994e+01
3188            	7.74100163e+01
3189            	7.74057549e+01
3190            	7.74139149e+01
3191            	7.74139247e+01
3192            	7.74165980e+01
3193            	7.74160857e+01
3194            	7.74107318e+01
3195            	7.74095238e+01
3196            	7.74102950e+01
3197            	7.74129262e+01
3198            	7.74173841e+01
3199            	7.74153753e+01
3200            	7.74079985e+01
3201            	7.74058324e+01
3202            	7.74080493e+01
3203            	7.74117930e+01
3204            	7.74175105e+01
3205            	7.74108344e+01
3206            	7.74120637e+01
3207            	7.74172164e+01
3208            	7.74109484e+01
3209            	7.74062477e+01
3210            	7.74154686e+01
3211            	7.74124695e+01
3212            	7.74117796e+01
3213            	7.74122698e+01
3214            	7.74156675e+01
3215            	7.74221764e+01
3216            	7.74132692e+01
3217            	7.74039335e+01
3218            	7.74089964e+01
3219            	7.74084068e+01
3220            	7.74106337e+01
3221            	7.74105126e+01
3222            	7.74213858e+01
3223            	7.74173434e+01
3224            	7.74155571e+01
3225            	7.74166065e+01
3226            	7.74064601e+01
3227            	7.74068950e+01
3228            	7.74107019e+01
3229            	7.74125327e+01
3230            	7.74108958e+01
3231            	7.74104422e+01
3232            	7.74057535e+01
3233            	7.74124609e+01
3234            	7.74238768e+01
3235            	7.74125161e+01
3236            	7.74114124e+01
3237            	7.74095879e+01
3238            	7.74159848e+01
3239            	7.74092308e+01
3240            	7.74124159e+01
3241            	7.74099194e+01
3242            	7.74183474e+01
3243            	7.74185488e+01
3244            	7.74099558e+01
3245            	7.74102942e+01
3246            	7.74109487e+01
3247            	7.74088166e+01
3248            	7.74145320e+01
3249            	7.74099681e+01
3250            	7.74105998e+01
3251            	7.74110600e+01
3252            	7.74161604e+01
3253            	7.74154711e+01
3254            	7.74189573e+01
3255            	7.74182002e+01
3256            	7.74078325e+01
3257            	7.74064033e+01
3258            	7.74137856e+01
3259            	7.74104728e+01
3260            	7.74133692e+01
3261            	7.74091865e+01
3262            	7.74056510e+01
3263            	7.74148424e+01
3264            	7.74160453e+01
3265            	7.74088678e+01
3266            	7.74118348e+01
3267            	7.74131764e+01
3268            	7.74141715e+01
3269            	7.74122390e+01
3270            	7.74130732e+01
3271            	7.74122369e+01
3272            	7.74105677e+01
3273            	7.74065764e+01
3274            	7.74141994e+01
3275            	7.74096294e+01
3276            	7.74132565e+01
3277            	7.74187720e+01
3278            	7.74189925e+01
3279            	7.74111892e+01
3280            	7.74104542e+01
3281            	7.74081892e+01
3282            	7.74088534e+01
3283            	7.74150186e+01
3284            	7.74114479e+01
3285            	7.74140236e+01
3286            	7.74103160e+01
3287            	7.74143880e+01
3288            	7.74190791e+01
3289            	7.74050142e+01
3290            	7.74079782e+01
3291            	7.74113618e+01
3292            	7.74172206e+01
3293            	7.74124963e+01
3294            	7.74041868e+01
3295            	7.74080224e+01
3296            	7.74203109e+01
3297            	7.74174984e+01
3298            	7.74161235e+01
3299            	7.74175715e+01
3300            	7.74140212e+01
3301            	7.74041787e+01
3302            	7.74095342e+01
3303            	7.74092723e+01
3304            	7.74125042e+01
3305            	7.74069669e+01
3306            	7.74108914e+01
3307            	7.74111236e+01
3308            	7.74169992e+01
3309            	7.74177917e+01
3310            	7.74120714e+01
3311            	7.74064311e+01
3312            	7.74105277e+01
3313            	7.74101909e+01
3314            	7.74119110e+01
3315            	7.74125211e+01
3316            	7.74176077e+01
3317            	7.74161775e+01
3318            	7.74106870e+01
3319            	7.74126324e+01
3320            	7.74101480e+01
3321            	7.74115948e+01
3322            	7.74093185e+01
3323            	7.74080072e+01
3324            	7.74157824e+01
3325            	7.74117983e+01
3326            	7.74122799e+01
3327            	7.74154577e+01
3328            	7.74113362e+01
3329            	7.74117821e+01
3330            	7.74162334e+01
3331            	7.74109803e+01
3332            	7.74115825e+01
3333            	7.74083950e+01
3334            	7.74117414e+01
3335            	7.74144920e+01
3336            	7.74082654e+01
3337            	7.74050056e+01
3338            	7.74191457e+01
3339            	7.74151292e+01
3340            	7.74105583e+01
3341            	7.74104388e+01
3342            	7.74143754e+01
3343            	7.74089849e+01
3344            	7.74143519e+01
3345            	7.74074202e+01
3346            	7.74061787e+01
3347            	7.74073379e+01
3348            	7.74217690e+01
3349            	7.74149720e+01
3350            	7.74094937e+01
3351            	7.74110839e+01
3352            	7.74104974e+01
3353            	7.74088820e+01
3354            	7.74120489e+01
3355            	7.74074386e+01
3356            	7.74122139e+01
3357            	7.74134124e+01
3358            	7.74112226e+01
3359            	7.74124216e+01
3360            	7.74085628e+01
3361            	7.74074365e+01
3362            	7.74137139e+01
3363            	7.74139396e+01
3364            	7.74114991e+01
3365            	7.74039940e+01
3366            	7.74056797e+01
3367            	7.74183950e+01
3368            	7.74188150e+01
3369            	7.74171177e+01
3370            	7.74134316e+01
3371            	7.74094786e+01
3372            	7.74122822e+01
3373            	7.74022526e+01
3374            	7.74071863e+01
3375            	7.74178926e+01
3376            	7.74138577e+01
3377            	7.74093573e+01
3378            	7.74190338e+01
3379            	7.74080215e+01
3380            	7.74060940e+01
3381            	7.74139862e+01
3382            	7.74087481e+01
3383            	7.74096692e+01
3384            	7.74064868e+01
3385            	7.74198536e+01
3386            	7.74098279e+01
3387            	7.74032197e+01
3388            	7.74177722e+01
3389            	7.74170131e+01
3390            	7.74168608e+01
3391            	7.74101339e+01
3392            	7.74050123e+01
3393            	7.74096252e+01
3394            	7.74129539e+01
3395            	7.74094842e+01
3396            	7.74069856e+01
3397            	7.74059907e+01
3398            	7.74137152e+01
3399            	7.74142210e+01
3400            	7.74138747e+01
3401            	7.74138787e+01
3402            	7.74108936e+01
3403            	7.74114255e+01
3404            	7.74122850e+01
3405            	7.74145290e+01
3406            	7.74140988e+01
3407            	7.74082161e+01
3408            	7.74075647e+01
3409            	7.74108419e+01
3410            	7.74099417e+01
3411            	7.74069913e+01
3412            	7.74166407e+01
3413            	7.74129239e+01
3414            	7.74100960e+01
3415            	7.74131057e+01
3416            	7.74145879e+01
3417            	7.74021640e+01
3418            	7.74097459e+01
3419            	7.74155471e+01
3420            	7.74168728e+01
3421            	7.74053798e+01
3422            	7.74148910e+01
3423            	7.74133778e+01
3424            	7.74113495e+01
3425            	7.74053229e+01
3426            	7.74094740e+01
3427            	7.74060335e+01
3428            	7.74121245e+01
3429            	7.74151524e+01
3430            	7.74137021e+01
3431            	7.74069591e+01
3432            	7.74120146e+01
3433            	7.74155595e+01
3434            	7.74171335e+01
3435            	7.74082655e+01
3436            	7.74096836e+01
3437            	7.74149326e+01
3438            	7.74102717e+01
3439            	7.74063274e+01
3440            	7.74154780e+01
3441            	7.74142132e+01
3442            	7.74128736e+01
3443            	7.74125248e+01
3444            	7.74104348e+01
3445            	7.74103521e+01
3446            	7.74125693e+01
3447            	7.74142827e+01
3448            	7.74136662e+01
3449            	7.74070127e+01
3450            	7.74132999e+01
3451            	7.74110365e+01
3452            	7.74171354e+01
3453            	7.74090877e+01
3454            	7.74114893e+01
3455            	7.74109111e+01
3456            	7.74150389e+01
3457            	7.74147427e+01
3458            	7.74073040e+01
3459            	7.74039586e+01
3460            	7.74141092e+01
3461            	7.74109010e+01
3462            	7.74179183e+01
3463            	7.74171115e+01
3464            	7.74090156e+01
3465            	7.74131025e+01
3466            	7.74109962e+01
3467            	7.74083624e+01
3468            	7.74157717e+01
3469            	7.74181243e+01
3470            	7.74123605e+01
3471            	7.74013394e+01
3472            	7.74084757e+01
3473            	7.74141070e+01
3474            	7.74157683e+01
3475            	7.74079985e+01
3476            	7.74069418e+01
3477            	7.74158158e+01
3478            	7.74163938e+01
3479            	7.74119141e+01
3480            	7.74027968e+01
3481            	7.74053352e+01
3482            	7.74145354e+01
3483            	7.74201786e+01
3484            	7.74162978e+01
3485            	7.74107100e+01
3486            	7.74124127e+01
3487            	7.74189236e+01
3488            	7.74132734e+01
3489            	7.74071234e+01
3490            	7.74137286e+01
3491            	7.74132019e+01
3492            	7.74097970e+01
3493            	7.74126991e+01
3494            	7.74139185e+01
3495            	7.74177810e+01
3496            	7.74130860e+01
3497            	7.74078993e+01
3498            	7.73985095e+01
3499            	7.74105697e+01
3500            	7.74195271e+01
3501            	7.74148425e+01
3502            	7.74057800e+01
3503            	7.74075588e+01
3504            	7.74107640e+01
3505            	7.74133644e+01
3506            	7.74116134e+01
3507            	7.74157047e+01
3508            	7.74099077e+01
3509            	7.74118360e+01
3510            	7.74167344e+01
3511            	7.74089413e+01
3512            	7.74098180e+01
3513            	7.74131565e+01
3514            	7.74153713e+01
3515            	7.74121528e+01
3516            	7.74060529e+01
3517            	7.74115992e+01
3518            	7.74151600e+01
3519            	7.74165384e+01
3520            	7.74083472e+01
3521            	7.74203535e+01
3522            	7.74166683e+01
3523            	7.74077865e+01
3524            	7.74061044e+01
3525            	7.74056917e+01
3526            	7.74094579e+01
3527            	7.74142154e+01
3528            	7.74170102e+01
3529            	7.74163828e+01
3530            	7.74107837e+01
3531            	7.74034848e+01
3532            	7.74118108e+01
3533            	7.74098349e+01
3534            	7.74081407e+01
3535            	7.74102030e+01
3536            	7.74138988e+01
3537            	7.74143789e+01
3538            	7.74245976e+01
3539            	7.74234504e+01
3540            	7.74075259e+01
3541            	7.74102261e+01
3542            	7.74050257e+01
3543            	7.74051855e+01
3544            	7.74157473e+01
3545            	7.74125423e+01
3546            	7.74121985e+01
3547            	7.74101571e+01
3548            	7.74085234e+01
3549            	7.74155782e+01
3550            	7.74138959e+01
3551            	7.74162991e+01
3552            	7.74065061e+01
3553            	7.74020918e+01
3554            	7.74119986e+01
3555            	7.74151578e+01
3556            	7.74255419e+01
3557            	7.74105571e+01
3558            	7.74066086e+01
3559            	7.74195216e+01
3560            	7.74172809e+01
3561            	7.74036880e+01
3562            	7.74110617e+01
3563            	7.74170155e+01
3564            	7.74092141e+01
3565            	7.74079188e+01
3566            	7.74203550e+01
3567            	7.74166443e+01
3568            	7.74073142e+01
3569            	7.74081040e+01
3570            	7.74068946e+01
3571            	7.74154685e+01
3572            	7.74165154e+01
3573            	7.74121096e+01
3574            	7.74091817e+01
3575            	7.74011265e+01
3576            	7.74097226e+01
3577            	7.74151104e+01
3578            	7.74157320e+01
3579            	7.74182569e+01
3580            	7.74132711e+01
3581            	7.74097276e+01
3582            	7.74109148e+01
3583            	7.74135870e+01
3584            	7.74110849e+01
3585            	7.74045314e+01
3586            	7.74135566e+01
3587            	7.74142129e+01
3588            	7.74085083e+01
3589            	7.74107868e+01
3590            	7.74186685e+01
3591            	7.74161877e+01
3592            	7.74110894e+01
3593            	7.74054409e+01
3594            	7.74106078e+01
3595            	7.74117757e+01
3596            	7.74090370e+01
3597            	7.74095661e+01
3598            	7.74061373e+01
3599            	7.74119624e+01
3600            	7.74150624e+01
3601            	7.74117971e+01
3602            	7.74121730e+01
3603            	7.74090576e+01
3604            	7.74115839e+01
3605            	7.74136324e+01
3606            	7.74181838e+01
3607            	7.74085119e+01
3608            	7.74010680e+01
3609            	7.74119534e+01
3610            	7.74164946e+01
3611            	7.74163085e+01
3612            	7.74127869e+01
3613            	7.74090152e+01
3614            	7.74105471e+01
3615            	7.74062907e+01
3616            	7.74138891e+01
3617            	7.74085831e+01
3618            	7.74064554e+01
3619            	7.74104101e+01
3620            	7.74137412e+01
3621            	7.74101305e+01
3622            	7.74123803e+01
3623            	7.74123835e+01
3624            	7.74113467e+01
3625            	7.74112069e+01
3626            	7.74150257e+01
3627            	7.74102263e+01
3628            	7.74146506e+01
3629            	7.74112804e+01
3630            	7.74064046e+01
3631            	7.74082148e+01
3632            	7.74132069e+01
3633            	7.74132158e+01
3634            	7.74117358e+01
3635            	7.74107481e+01
3636            	7.74102644e+01
3637            	7.74089203e+01
3638            	7.74103227e+01
3639            	7.74102027e+01
3640            	7.74151325e+01
3641            	7.74145831e+01
3642            	7.74059290e+01
3643            	7.74100257e+01
3644            	7.74156849e+01
3645            	7.74074785e+01
3646            	7.74121548e+01
3647            	7.74156527e+01
3648            	7.74121119e+01
3649            	7.74066496e+01
3650            	7.74046563e+01
3651            	7.74166962e+01
3652            	7.74154014e+01
3653            	7.74108658e+01
3654            	7.74159090e+01
3655            	7.74053205e+01
3656            	7.74110180e+01
3657            	7.74209030e+01
3658            	7.74135651e+01
3659            	7.74105408e+01
3660            	7.74078553e+01
3661            	7.74056325e+01
3662            	7.74131339e+01
3663            	7.74125334e+01
3664            	7.74185932e+01
3665            	7.74056377e+01
3666            	7.74100205e+01
3667            	7.74132763e+01
3668            	7.74069963e+01
3669            	7.74079800e+01
3670            	7.74168091e+01
3671            	7.74126466e+01
3672            	7.74149987e+01
3673            	7.74164018e+01
3674            	7.74068554e+01
3675            	7.74064166e+01
3676            	7.74097486e+01
3677            	7.74100162e+01
3678            	7.74155646e+01
3679            	7.74138957e+01
3680            	7.74066748e+01
3681            	7.74115664e+01
3682            	7.74167075e+01
3683            	7.74119291e+01
3684            	7.74126981e+01
3685            	7.74203022e+01
3686            	7.74100562e+01
3687            	7.74113023e+01
3688            	7.74089762e+01
3689            	7.74128248e+01
3690            	7.74166027e+01
3691            	7.74044750e+01
3692            	7.74095600e+01
3693            	7.74034599e+01
3694            	7.74155083e+01
3695            	7.74221565e+01
3696            	7.74092399e+01
3697            	7.74076777e+01
3698            	7.74176941e+01
3699            	7.74145874e+01
3700            	7.74108972e+01
3701            	7.74075149e+01
3702            	7.74138040e+01
3703            	7.74091286e+01
3704            	7.74086917e+01
3705            	7.74113921e+01
3706            	7.74123749e+01
3707            	7.74096232e+01
3708            	7.74201341e+01
3709            	7.74095505e+01
3710            	7.74087423e+01
3711            	7.74171018e+01
3712            	7.74106218e+01
3713            	7.74161495e+01
3714            	7.74126120e+01
3715            	7.74070691e+01
3716            	7.74094824e+01
3717            	7.74141665e+01
3718            	7.74148473e+01
3719            	7.74169790e+01
3720            	7.74123045e+01
3721            	7.74090660e+01
3722            	7.74125326e+01
3723            	7.74062510e+01
3724            	7.74094129e+01
3725            	7.74165903e+01
3726            	7.74152880e+01
3727            	7.74089702e+01
3728            	7.74105300e+01
3729            	7.74101142e+01
3730            	7.74093028e+01
3731            	7.74069078e+01
3732            	7.74153780e+01
3733            	7.74126133e+01
3734            	7.74134543e+01
3735            	7.74169828e+01
3736            	7.74109785e+01
3737            	7.74076239e+01
3738            	7.74033063e+01
3739            	7.74079644e+01
3740            	7.74153278e+01
3741            	7.74115592e+01
3742            	7.74139942e+01
3743            	7.74103789e+01
3744            	7.74147918e+01
3745            	7.74160732e+01
3746            	7.74098187e+01
3747            	7.74106542e+01
3748            	7.74119718e+01
3749            	7.74069389e+01
3750            	7.74092815e+01
3751            	7.74100279e+01
3752            	7.74118105e+01
3753            	7.74135145e+01
3754            	7.74087285e+01
3755            	7.74068513e+01
3756            	7.74157525e+01
3757            	7.74125877e+01
3758            	7.74101412e+01
3759            	7.74084163e+01
3760            	7.74154740e+01
3761            	7.74151046e+01
3762            	7.74100019e+01
3763            	7.74088492e+01
3764            	7.74103702e+01
3765            	7.74075701e+01
3766            	7.74112595e+01
3767            	7.74107991e+01
3768            	7.74084287e+01
3769            	7.74120637e+01
3770            	7.74181808e+01
3771            	7.74116259e+01
3772            	7.74109528e+01
3773            	7.74162478e+01
3774            	7.74121672e+01
3775            	7.74135947e+01
3776            	7.74083631e+01
3777            	7.74118723e+01
3778            	7.74132412e+01
3779            	7.74065193e+01
3780            	7.74092345e+01
3781            	7.74093141e+01
3782            	7.74149779e+01
3783            	7.74139411e+01
3784            	7.74194117e+01
3785            	7.74077893e+01
3786            	7.74068175e+01
3787            	7.74044335e+01
3788            	7.74140155e+01
3789            	7.74141778e+01
3790            	7.74122113e+01
3791            	7.74101059e+01
3792            	7.74245265e+01
3793            	7.74157180e+01
3794            	7.74096797e+01
3795            	7.74142396e+01
3796            	7.74088040e+01
3797            	7.74067573e+01
3798            	7.74076052e+01
3799            	7.74108786e+01
3800            	7.74090365e+01
3801            	7.74101124e+01
3802            	7.74198033e+01
3803            	7.74154508e+01
3804            	7.74086987e+01
3805            	7.74100288e+01
3806            	7.74122463e+01
3807            	7.74092951e+01
3808            	7.74149956e+01
3809            	7.74114903e+01
3810            	7.74165296e+01
3811            	7.74160019e+01
3812            	7.74100135e+01
3813            	7.74058306e+01
3814            	7.74148332e+01
3815            	7.74124537e+01
3816            	7.74060707e+01
3817            	7.74084282e+01
3818            	7.74197018e+01
3819            	7.74214305e+01
3820            	7.74153885e+01
3821            	7.74080238e+01
3822            	7.74174550e+01
3823            	7.74147421e+01
3824            	7.73991937e+01
3825            	7.74080467e+01
3826            	7.74118134e+01
3827            	7.74167511e+01
3828            	7.74101594e+01
3829            	7.74120489e+01
3830            	7.74226451e+01
3831            	7.74139948e+01
3832            	7.74073286e+01
3833            	7.74160060e+01
3834            	7.74154812e+01
3835            	7.74130312e+01
3836            	7.74099592e+01
3837            	7.74048727e+01
3838            	7.74090698e+01
3839            	7.74138461e+01
3840            	7.74179070e+01
3841            	7.74126835e+01
3842            	7.74085860e+01
3843            	7.74090030e+01
3844            	7.74114164e+01
3845            	7.74124567e+01
3846            	7.74148290e+01
3847            	7.74161417e+01
3848            	7.74143164e+01
3849            	7.74101709e+01
3850            	7.74123817e+01
3851            	7.74097939e+01
3852            	7.74056100e+01
3853            	7.74116442e+01
3854            	7.74132467e+01
3855            	7.74155332e+01
3856            	7.74233480e+01
3857            	7.74161541e+01
3858            	7.74086545e+01
3859            	7.74054928e+01
3860            	7.74121898e+01
3861            	7.74068890e+01
3862            	7.74131430e+01
3863            	7.74179211e+01
3864            	7.74181993e+01
3865            	7.74075318e+01
3866            	7.74113149e+01
3867            	7.74113225e+01
3868            	7.74098677e+01
3869            	7.73972967e+01
3870            	7.74099367e+01
3871            	7.74186726e+01
3872            	7.74143570e+01
3873            	7.74099604e+01
3874            	7.74111629e+01
3875            	7.74132824e+01
3876            	7.74124346e+01
3877            	7.74124950e+01
3878            	7.74149177e+01
3879            	7.74112887e+01
3880            	7.74120395e+01
3881            	7.74172690e+01
3882            	7.74173373e+01
3883            	7.74090574e+01
3884            	7.74060329e+01
3885            	7.74044737e+01
3886            	7.74189627e+01
3887            	7.74175162e+01
3888            	7.74089827e+01
3889            	7.74085197e+01
3890            	7.74149100e+01
3891            	7.74148442e+01
3892            	7.74159971e+01
3893            	7.74141215e+01
3894            	7.74081657e+01
3895            	7.74041974e+01
3896            	7.74166499e+01
3897            	7.74097641e+01
3898            	7.74162947e+01
3899            	7.74180070e+01
3900            	7.74095945e+01
3901            	7.74072901e+01
3902            	7.74049347e+01
3903            	7.74108668e+01
3904            	7.74193179e+01
3905            	7.74119968e+01
3906            	7.74177322e+01
3907            	7.74140037e+01
3908            	7.74069130e+01
3909            	7.74130745e+01
3910            	7.74148545e+01
3911            	7.74147776e+01
3912            	7.74031569e+01
3913            	7.74074485e+01
3914            	7.74132304e+01
3915            	7.74123064e+01
3916            	7.74177227e+01
3917            	7.74179898e+01
3918            	7.74134971e+01
3919            	7.74048081e+01
3920            	7.74073880e+01
3921            	7.74017580e+01
3922            	7.74167438e+01
3923            	7.74255389e+01
3924            	7.74136781e+01
3925            	7.74123577e+01
3926            	7.74121772e+01
3927            	7.74090323e+01
3928            	7.74102411e+01
3929            	7.74107018e+01
3930            	7.74125584e+01
3931            	7.74118362e+01
3932            	7.74145290e+01
3933            	7.74142781e+01
3934            	7.74169167e+01
3935            	7.74054006e+01
3936            	7.74077698e+01
3937            	7.74067020e+01
3938            	7.74120057e+01
3939            	7.74156038e+01
3940            	7.74102077e+01
3941            	7.74159978e+01
3942            	7.74185929e+01
3943            	7.74085286e+01
3944            	7.74116759e+01
3945            	7.74135435e+01
3946            	7.74142852e+01
3947            	7.74094967e+01
3948            	7.74102973e+01
3949            	7.74094944e+01
3950            	7.74094296e+01
3951            	7.74063785e+01
3952            	7.74134143e+01
3953            	7.74140560e+01
3954            	7.74133991e+01
3955            	7.74070446e+01
3956            	7.74138840e+01
3957            	7.74082152e+01
3958            	7.74131425e+01
3959            	7.74162191e+01
3960            	7.74124119e+01
3961            	7.74043149e+01
3962            	7.74105046e+01
3963            	7.74108256e+01
3964            	7.74128182e+01
3965            	7.74184117e+01
3966            	7.74079348e+01
3967            	7.74026678e+01
3968            	7.74155652e+01
3969            	7.74217366e+01
3970            	7.74144804e+01
3971            	7.74098017e+01
3972            	7.74105016e+01
3973            	7.74136657e+01
3974            	7.74115772e+01
3975            	7.74008730e+01
3976            	7.74127940e+01
3977            	7.74140665e+01
3978            	7.74156412e+01
3979            	7.74036549e+01
3980            	7.74135003e+01
3981            	7.74196064e+01
3982            	7.74149305e+01
3983            	7.74041173e+01
3984            	7.74086974e+01
3985            	7.74086841e+01
3986            	7.74142865e+01
3987            	7.74066953e+01
3988            	7.74112758e+01
3989            	7.74114654e+01
3990            	7.74122923e+01
3991            	7.74087426e+01
3992            	7.74112881e+01
3993            	7.74126275e+01
3994            	7.74145829e+01
3995            	7.74147525e+01
3996            	7.74130951e+01
3997            	7.74048305e+01
3998            	7.74148763e+01
3999            	7.74103330e+01
4000            	7.74135199e+01
4001            	7.74184809e+01
4002            	7.74116397e+01
4003            	7.74012495e+01
4004            	7.74136347e+01
4005            	7.74094674e+01
4006            	7.74107821e+01
4007            	7.74144776e+01
4008            	7.74184871e+01
4009            	7.74162796e+01
4010            	7.74115140e+01
4011            	7.74079347e+01
4012            	7.74108593e+01
4013            	7.74135632e+01
4014            	7.74146856e+01
4015            	7.74140092e+01
4016            	7.74101141e+01
4017            	7.74061614e+01
4018            	7.74203347e+01
4019            	7.74116532e+01
4020            	7.74078278e+01
4021            	7.74126997e+01
4022            	7.74205801e+01
4023            	7.74136693e+01
4024            	7.74127878e+01
4025            	7.74059355e+01
4026            	7.74105071e+01
4027            	7.74121602e+01
4028            	7.74111468e+01
4029            	7.74113207e+01
4030            	7.74148609e+01
4031            	7.74088681e+01
4032            	7.74150146e+01
4033            	7.74142543e+01
4034            	7.74155523e+01
4035            	7.74142247e+01
4036            	7.74113826e+01
4037            	7.74100539e+01
4038            	7.74121846e+01
4039            	7.74094565e+01
4040            	7.74142957e+01
4041            	7.74106186e+01
4042            	7.74122188e+01
4043            	7.74136199e+01
4044            	7.74105669e+01
4045            	7.74108898e+01
4046            	7.74181413e+01
4047            	7.74077867e+01
4048            	7.74095159e+01
4049            	7.74122971e+01
4050            	7.74098954e+01
4051            	7.74117878e+01
4052            	7.74179118e+01
4053            	7.74126715e+01
4054            	7.74166917e+01
4055            	7.74131912e+01
4056            	7.74072518e+01
4057            	7.74106009e+01
4058            	7.74174097e+01
4059            	7.74126559e+01
4060            	7.74108964e+01
4061            	7.74060518e+01
4062            	7.74111431e+01
4063            	7.74109020e+01
4064            	7.74093886e+01
4065            	7.74105127e+01
4066            	7.74099070e+01
4067            	7.74102763e+01
4068            	7.74135966e+01
4069            	7.74114695e+01
4070            	7.74179191e+01
4071            	7.74127033e+01
4072            	7.74071452e+01
4073            	7.74087595e+01
4074            	7.74112983e+01
4075            	7.74093778e+01
4076            	7.74134048e+01
4077            	7.74112568e+01
4078            	7.74135342e+01
4079            	7.74085417e+01
4080            	7.74135053e+01
4081            	7.74122162e+01
4082            	7.74135917e+01
4083            	7.74043935e+01
4084            	7.74059733e+01
4085            	7.74122360e+01
4086            	7.74138774e+01
4087            	7.74130435e+01
4088            	7.74155741e+01
4089            	7.74108733e+01
4090            	7.74165179e+01
4091            	7.74110020e+01
4092            	7.74073555e+01
4093            	7.74036065e+01
4094            	7.74094221e+01
4095            	7.74094128e+01
4096            	7.74203815e+01
4097            	7.74142074e+01
4098            	7.74094882e+01
4099            	7.74109695e+01
4100            	7.74133595e+01
4101            	7.74091786e+01
4102            	7.74089157e+01
4103            	7.74179599e+01
4104            	7.74129495e+01
4105            	7.74156590e+01
4106            	7.74115573e+01
4107            	7.74076979e+01
4108            	7.74077573e+01
4109            	7.74088272e+01
4110            	7.74105746e+01
4111            	7.74106480e+01
4112            	7.74127232e+01
4113            	7.74123772e+01
4114            	7.74111541e+01
4115            	7.74101452e+01
4116            	7.74137654e+01
4117            	7.74160427e+01
4118            	7.74122994e+01
4119            	7.74071622e+01
4120            	7.74110152e+01
4121            	7.74099720e+01
4122            	7.74132629e+01
4123            	7.74197919e+01
4124            	7.74128402e+01
4125            	7.74057281e+01
4126            	7.74141951e+01
4127            	7.74060724e+01
4128            	7.74081481e+01
4129            	7.74140770e+01
4130            	7.74147480e+01
4131            	7.74073592e+01
4132            	7.74152377e+01
4133            	7.74131989e+01
4134            	7.74151014e+01
4135            	7.74164355e+01
4136            	7.74086915e+01
4137            	7.74094851e+01
4138            	7.74138345e+01
4139            	7.74047236e+01
4140            	7.74114174e+01
4141            	7.74128605e+01
4142            	7.74154701e+01
4143            	7.74170604e+01
4144            	7.74118485e+01
4145            	7.74067075e+01
4146            	7.74095380e+01
4147            	7.74137976e+01
4148            	7.74224761e+01
4149            	7.74121813e+01
4150            	7.74058604e+01
4151            	7.74065948e+01
4152            	7.74138829e+01
4153            	7.74136362e+01
4154            	7.74133653e+01
4155            	7.74076769e+01
4156            	7.74034280e+01
4157            	7.74116756e+01
4158            	7.74234881e+01
4159            	7.74219646e+01
4160            	7.74082075e+01
4161            	7.74091704e+01
4162            	7.74110006e+01
4163            	7.74109036e+01
4164            	7.74124039e+01
4165            	7.74150392e+01
4166            	7.74107413e+01
4167            	7.74105581e+01
4168            	7.74154115e+01
4169            	7.74154274e+01
4170            	7.74097724e+01
4171            	7.74098840e+01
4172            	7.74137081e+01
4173            	7.74147775e+01
4174            	7.74157304e+01
4175            	7.74114476e+01
4176            	7.74114113e+01
4177            	7.74037220e+01
4178            	7.74147520e+01
4179            	7.74111402e+01
4180            	7.74115061e+01
4181            	7.74128723e+01
4182            	7.74121456e+01
4183            	7.74108860e+01
4184            	7.74141141e+01
4185            	7.74185917e+01
4186            	7.74111428e+01
4187            	7.74087420e+01
4188            	7.74118587e+01
4189            	7.74161521e+01
4190            	7.74164130e+01
4191            	7.74074032e+01
4192            	7.74068166e+01
4193            	7.74049842e+01
4194            	7.74097296e+01
4195            	7.74189435e+01
4196            	7.74158168e+01
4197            	7.74116626e+01
4198            	7.74131113e+01
4199            	7.74146570e+01
4200            	7.74106421e+01
4201            	7.74106730e+01
4202            	7.74130254e+01
4203            	7.74078567e+01
4204            	7.74091821e+01
4205            	7.74077104e+01
4206            	7.74099537e+01
4207            	7.74144876e+01
4208            	7.74148321e+01
4209            	7.74137139e+01
4210            	7.74171376e+01
4211            	7.74152407e+01
4212            	7.74035474e+01
4213            	7.74073400e+01
4214            	7.74192715e+01
4215            	7.74131086e+01
4216            	7.74063694e+01
4217            	7.74163737e+01
4218            	7.74174533e+01
4219            	7.74084636e+01
4220            	7.74113884e+01
4221            	7.74107080e+01
4222            	7.74167982e+01
4223            	7.74132027e+01
4224            	7.74100207e+01
4225            	7.74088581e+01
4226            	7.74102794e+01
4227            	7.74068925e+01
4228            	7.74117552e+01
4229            	7.74158018e+01
4230            	7.74182230e+01
4231            	7.74113179e+01
4232            	7.74166031e+01
4233            	7.74022691e+01
4234            	7.74094266e+01
4235            	7.74113945e+01
4236            	7.74133453e+01
4237            	7.74181835e+01
4238            	7.74119073e+01
4239            	7.74076717e+01
4240            	7.74104482e+01
4241            	7.74130008e+01
4242            	7.74163155e+01
4243            	7.74191741e+01
4244            	7.74097142e+01
4245            	7.74081365e+01
4246            	7.74128120e+01
4247            	7.74107322e+01
4248            	7.74112111e+01
4249            	7.74127988e+01
4250            	7.74143649e+01
4251            	7.74114201e+01
4252            	7.74163219e+01
4253            	7.74121262e+01
4254            	7.74132823e+01
4255            	7.74111150e+01
4256            	7.74083552e+01
4257            	7.74105359e+01
4258            	7.74095229e+01
4259            	7.74103492e+01
4260            	7.74084030e+01
4261            	7.74098338e+01
4262            	7.74139173e+01
4263            	7.74179498e+01
4264            	7.74185353e+01
4265            	7.74080406e+01
4266            	7.74086881e+01
4267            	7.74161581e+01
4268            	7.74163623e+01
4269            	7.74077990e+01
4270            	7.74078231e+01
4271            	7.74167012e+01
4272            	7.74157807e+01
4273            	7.74089585e+01
4274            	7.74174594e+01
4275            	7.74074869e+01
4276            	7.74078931e+01
4277            	7.74134504e+01
4278            	7.74076843e+01
4279            	7.74120318e+01
4280            	7.74108224e+01
4281            	7.74071569e+01
4282            	7.74140414e+01
4283            	7.74119650e+01
4284            	7.74108718e+01
4285            	7.74116924e+01
4286            	7.74165689e+01
4287            	7.74170984e+01
4288            	7.74136390e+01
4289            	7.74090079e+01
4290            	7.74022799e+01
4291            	7.74082092e+01
4292            	7.74187356e+01
4293            	7.74110595e+01
4294            	7.74060746e+01
4295            	7.74087777e+01
4296            	7.74091875e+01
4297            	7.74139469e+01
4298            	7.74143753e+01
4299            	7.74167049e+01
4300            	7.74092860e+01
4301            	7.74132162e+01
4302            	7.74123769e+01
4303            	7.74068744e+01
4304            	7.74137277e+01
4305            	7.74096973e+01
4306            	7.74084657e+01
4307            	7.74130912e+01
4308            	7.74152235e+01
4309            	7.74094629e+01
4310            	7.74128214e+01
4311            	7.74114027e+01
4312            	7.74157448e+01
4313            	7.74098318e+01
4314            	7.74122838e+01
4315            	7.74160345e+01
4316            	7.74136574e+01
4317            	7.74129071e+01
4318            	7.74030735e+01
4319            	7.74102048e+01
4320            	7.74179950e+01
4321            	7.74116454e+01
4322            	7.74147821e+01
4323            	7.74128933e+01
4324            	7.74046630e+01
4325            	7.74142356e+01
4326            	7.74137343e+01
4327            	7.74137882e+01
4328            	7.74108336e+01
4329            	7.74083169e+01
4330            	7.74049100e+01
4331            	7.74103537e+01
4332            	7.74095712e+01
4333            	7.74095806e+01
4334            	7.74080004e+01
4335            	7.74181622e+01
4336            	7.74207566e+01
4337            	7.74195154e+01
4338            	7.74156838e+01
4339            	7.74007873e+01
4340            	7.74089039e+01
4341            	7.74173063e+01
4342            	7.74050077e+01
4343            	7.74091682e+01
4344            	7.74107106e+01
4345            	7.74122021e+01
4346            	7.74148301e+01
4347            	7.74120869e+01
4348            	7.74139810e+01
4349            	7.74131340e+01
4350            	7.74158752e+01
4351            	7.74111591e+01
4352            	7.74091398e+01
4353            	7.74091162e+01
4354            	7.74118754e+01
4355            	7.74093714e+01
4356            	7.74099485e+01
4357            	7.74140873e+01
4358            	7.74063560e+01
4359            	7.74116508e+01
4360            	7.74162353e+01
4361            	7.74155105e+01
4362            	7.74055541e+01
4363            	7.74075018e+01
4364            	7.74123072e+01
4365            	7.74131904e+01
4366            	7.74143691e+01
4367            	7.74106514e+01
4368            	7.74096219e+01
4369            	7.74144381e+01
4370            	7.74156351e+01
4371            	7.74182110e+01
4372            	7.74120383e+01
4373            	7.74100320e+01
4374            	7.74102288e+01
4375            	7.74098176e+01
4376            	7.74078235e+01
4377            	7.74118705e+01
4378            	7.74163642e+01
4379            	7.74164552e+01
4380            	7.74098463e+01
4381            	7.74123895e+01
4382            	7.74104287e+01
4383            	7.74049690e+01
4384            	7.74029868e+01
4385            	7.74117643e+01
4386            	7.74163080e+01
4387            	7.74085363e+01
4388            	7.74112662e+01
4389            	7.74169294e+01
4390            	7.74137541e+01
4391            	7.74158721e+01
4392            	7.74118210e+01
4393            	7.74065333e+01
4394            	7.74118467e+01
4395            	7.74160467e+01
4396            	7.74140220e+01
4397            	7.74141917e+01
4398            	7.74164280e+01
4399            	7.74117539e+01
4400            	7.74091518e+01
4401            	7.74156623e+01
4402            	7.74136754e+01
4403            	7.74055953e+01
4404            	7.74104224e+01
4405            	7.74093442e+01
4406            	7.74146932e+01
4407            	7.74090151e+01
4408            	7.74064571e+01
4409            	7.74131046e+01
4410            	7.74133260e+01
4411            	7.74157058e+01
4412            	7.74132926e+01
4413            	7.74086799e+01
4414            	7.74151803e+01
4415            	7.74161992e+01
4416            	7.74091625e+01
4417            	7.74103600e+01
4418            	7.74069617e+01
4419            	7.74098202e+01
4420            	7.74134375e+01
4421            	7.74166623e+01
4422            	7.74100700e+01
4423            	7.74102839e+01
4424            	7.74114597e+01
4425            	7.74151497e+01
4426            	7.74187837e+01
4427            	7.74184608e+01
4428            	7.74073326e+01
4429            	7.74063915e+01
4430            	7.74169442e+01
4431            	7.74094856e+01
4432            	7.74100117e+01
4433            	7.74121535e+01
4434            	7.74012448e+01
4435            	7.74139075e+01
4436            	7.74199973e+01
4437            	7.74114605e+01
4438            	7.74095678e+01
4439            	7.74104382e+01
4440            	7.74060154e+01
4441            	7.74120487e+01
4442            	7.74159830e+01
4443            	7.74097039e+01
4444            	7.74084178e+01
4445            	7.74081911e+01
4446            	7.74197602e+01
4447            	7.74157496e+01
4448            	7.74091824e+01
4449            	7.74098173e+01
4450            	7.74100913e+01
4451            	7.74110113e+01
4452            	7.74098832e+01
4453            	7.74130015e+01
4454            	7.74160197e+01
4455            	7.74061629e+01
4456            	7.74092704e+01
4457            	7.74154784e+01
4458            	7.74162491e+01
4459            	7.74145629e+01
4460            	7.74081543e+01
4461            	7.74109958e+01
4462            	7.74101137e+01
4463            	7.74116581e+01
4464            	7.74103154e+01
4465            	7.74099558e+01
4466            	7.74197190e+01
4467            	7.74064750e+01
4468            	7.74081536e+01
4469            	7.74105240e+01
4470            	7.74098308e+01
4471            	7.74064394e+01
4472            	7.74134749e+01
4473            	7.74192586e+01
4474            	7.74155104e+01
4475            	7.74094181e+01
4476            	7.74134605e+01
4477            	7.74112828e+01
4478            	7.74112520e+01
4479            	7.74085450e+01
4480            	7.74096435e+01
4481            	7.74049254e+01
4482            	7.74082153e+01
4483            	7.74184820e+01
4484            	7.74176781e+01
4485            	7.74135388e+01
4486            	7.74135381e+01
4487            	7.74051082e+01
4488            	7.74102007e+01
4489            	7.74164414e+01
4490            	7.74129859e+01
4491            	7.74147060e+01
4492            	7.74140778e+01
4493            	7.74099352e+01
4494            	7.74063868e+01
4495            	7.74081211e+01
4496            	7.74101511e+01
4497            	7.74159391e+01
4498            	7.74183158e+01
4499            	7.74147272e+01
4500            	7.74155446e+01
4501            	7.74132994e+01
4502            	7.74091427e+01
4503            	7.74108826e+01
4504            	7.74034793e+01
4505            	7.74080521e+01
4506            	7.74132033e+01
4507            	7.74132543e+01
4508            	7.74121176e+01
4509            	7.74162502e+01
4510            	7.74148882e+01
4511            	7.74069480e+01
4512            	7.74058019e+01
4513            	7.74141234e+01
4514            	7.74126721e+01
4515            	7.74155358e+01
4516            	7.74126246e+01
4517            	7.74067567e+01
4518            	7.74105818e+01
4519            	7.74193529e+01
4520            	7.74154423e+01
4521            	7.74082313e+01
4522            	7.74020499e+01
4523            	7.74089842e+01
4524            	7.74174946e+01
4525            	7.74163455e+01
4526            	7.74093881e+01
4527            	7.74093016e+01
4528            	7.74095031e+01
4529            	7.74163399e+01
4530            	7.74148436e+01
4531            	7.74090538e+01
4532            	7.74126510e+01
4533            	7.74127250e+01
4534            	7.74099322e+01
4535            	7.74108660e+01
4536            	7.74126564e+01
4537            	7.74140991e+01
4538            	7.74129831e+01
4539            	7.74083487e+01
4540            	7.74083802e+01
4541            	7.74038852e+01
4542            	7.74081609e+01
4543            	7.74144788e+01
4544            	7.74181682e+01
4545            	7.74164530e+01
4546            	7.74121083e+01
4547            	7.74064462e+01
4548            	7.74097242e+01
4549            	7.74098166e+01
4550            	7.74091552e+01
4551            	7.74143000e+01
4552            	7.74152574e+01
4553            	7.74173799e+01
4554            	7.74098087e+01
4555            	7.74113306e+01
4556            	7.74092964e+01
4557            	7.74110966e+01
4558            	7.74168654e+01
4559            	7.74160242e+01
4560            	7.74117138e+01
4561            	7.74094309e+01
4562            	7.74115135e+01
4563            	7.74109612e+01
4564            	7.74102243e+01
4565            	7.74080055e+01
4566            	7.74160676e+01
4567            	7.74110487e+01
4568            	7.74160429e+01
4569            	7.74156307e+01
4570            	7.74080258e+01
4571            	7.74113375e+01
4572            	7.74131901e+01
4573            	7.74066780e+01
4574            	7.74123062e+01
4575            	7.74113710e+01
4576            	7.74167454e+01
4577            	7.74117795e+01
4578            	7.74128463e+01
4579            	7.74156640e+01
4580            	7.74058044e+01
4581            	7.74088075e+01
4582            	7.74237942e+01
4583            	7.74102233e+01
4584            	7.74077603e+01
4585            	7.74147916e+01
4586            	7.74133200e+01
4587            	7.74102632e+01
4588            	7.74084964e+01
4589            	7.74081544e+01
4590            	7.74123875e+01
4591            	7.74176076e+01
4592            	7.74136447e+01
4593            	7.74113015e+01
4594            	7.74095112e+01
4595            	7.74143681e+01
4596            	7.74042283e+01
4597            	7.74078835e+01
4598            	7.74167419e+01
4599            	7.74180875e+01
4600            	7.74129974e+01
4601            	7.74097241e+01
4602            	7.74129569e+01
4603            	7.74143136e+01
4604            	7.74059854e+01
4605            	7.74155137e+01
4606            	7.74105777e+01
4607            	7.74100638e+01
4608            	7.74211196e+01
4609            	7.74146503e+01
4610            	7.74130210e+01
4611            	7.74039110e+01
4612            	7.74079182e+01
4613            	7.74131885e+01
4614            	7.74120847e+01
4615            	7.74097859e+01
4616            	7.74171245e+01
4617            	7.74071040e+01
4618            	7.74096279e+01
4619            	7.74195422e+01
4620            	7.74145632e+01
4621            	7.74094370e+01
4622            	7.74159180e+01
4623            	7.74081782e+01
4624            	7.74096552e+01
4625            	7.74096344e+01
4626            	7.74124601e+01
4627            	7.74187821e+01
4628            	7.74155843e+01
4629            	7.74061038e+01
4630            	7.74124273e+01
4631            	7.74188763e+01
4632            	7.74112283e+01
4633            	7.74078875e+01
4634            	7.74157798e+01
4635            	7.74100943e+01
4636            	7.74095531e+01
4637            	7.74121177e+01
4638            	7.74108326e+01
4639            	7.74084614e+01
4640            	7.74146555e+01
4641            	7.74139294e+01
4642            	7.74186420e+01
4643            	7.74110677e+01
4644            	7.74114266e+01
4645            	7.74095547e+01
4646            	7.74059071e+01
4647            	7.74124156e+01
4648            	7.74153195e+01
4649            	7.74143084e+01
4650            	7.74096964e+01
4651            	7.74147701e+01
4652            	7.74125625e+01
4653            	7.74147480e+01
4654            	7.74137560e+01
4655            	7.74089492e+01
4656            	7.74090193e+01
4657            	7.74079463e+01
4658            	7.74090168e+01
4659            	7.74118040e+01
4660            	7.74185791e+01
4661            	7.74192425e+01
4662            	7.74083032e+01
4663            	7.74066498e+01
4664            	7.74121415e+01
4665            	7.74079077e+01
4666            	7.74124382e+01
4667            	7.74125593e+01
4668            	7.74166596e+01
4669            	7.74106015e+01
4670            	7.74110494e+01
4671            	7.74116444e+01
4672            	7.74144333e+01
4673            	7.74092508e+01
4674            	7.74105991e+01
4675            	7.74177112e+01
4676            	7.74097149e+01
4677            	7.74058044e+01
4678            	7.74113652e+01
4679            	7.74128383e+01
4680            	7.74144096e+01
4681            	7.74144224e+01
4682            	7.74133574e+01
4683            	7.74131895e+01
4684            	7.74066113e+01
4685            	7.74029821e+01
4686            	7.74163397e+01
4687            	7.74143323e+01
4688            	7.74120300e+01
4689            	7.74133596e+01
4690            	7.74092004e+01
4691            	7.74117682e+01
4692            	7.74215286e+01
4693            	7.74179105e+01
4694            	7.74151639e+01
4695            	7.74035971e+01
4696            	7.74114167e+01
4697            	7.74129777e+01
4698            	7.74029200e+01
4699            	7.74167147e+01
4700            	7.74187525e+01
4701            	7.74157497e+01
4702            	7.74161863e+01
4703            	7.74059082e+01
4704            	7.74129134e+01
4705            	7.74120165e+01
4706            	7.74161552e+01
4707            	7.74131990e+01
4708            	7.74111002e+01
4709            	7.74218380e+01
4710            	7.74137854e+01
4711            	7.74085906e+01
4712            	7.74137521e+01
4713            	7.74089227e+01
4714            	7.74092143e+01
4715            	7.74089926e+01
4716            	7.74218913e+01
4717            	7.74189680e+01
4718            	7.74060620e+01
4719            	7.74044017e+01
4720            	7.74114252e+01
4721            	7.74177807e+01
4722            	7.74179635e+01
4723            	7.74101573e+01
4724            	7.74143398e+01
4725            	7.74059800e+01
4726            	7.74088465e+01
4727            	7.74076672e+01
4728            	7.74187860e+01
4729            	7.74191680e+01
4730            	7.74145808e+01
4731            	7.74133969e+01
4732            	7.74095596e+01
4733            	7.74029988e+01
4734            	7.74119098e+01
4735            	7.74190519e+01
4736            	7.74145234e+01
4737            	7.74010235e+01
4738            	7.74106657e+01
4739            	7.74171084e+01
4740            	7.74198649e+01
4741            	7.74079010e+01
4742            	7.74121819e+01
4743            	7.74162695e+01
4744            	7.74076280e+01
4745            	7.74035776e+01
4746            	7.74140272e+01
4747            	7.74073283e+01
4748            	7.74109445e+01
4749            	7.74177135e+01
4750            	7.74140267e+01
4751            	7.74123157e+01
4752            	7.74111248e+01
4753            	7.74086080e+01
4754            	7.74091471e+01
4755            	7.74099890e+01
4756            	7.74144769e+01
4757            	7.74088770e+01
4758            	7.74140578e+01
4759            	7.74100964e+01
4760            	7.74114991e+01
4761            	7.74056610e+01
4762            	7.74101766e+01
4763            	7.74199290e+01
4764            	7.74153332e+01
4765            	7.74141056e+01
4766            	7.74089500e+01
4767            	7.74103428e+01
4768            	7.74162504e+01
4769            	7.74099738e+01
4770            	7.74124731e+01
4771            	7.74133785e+01
4772            	7.74083573e+01
4773            	7.74082333e+01
4774            	7.74146341e+01
4775            	7.74077446e+01
4776            	7.74087806e+01
4777            	7.74120911e+01
4778            	7.74143440e+01
4779            	7.74118827e+01
4780            	7.74108480e+01
4781            	7.74177674e+01
4782            	7.74154810e+01
4783            	7.74027401e+01
4784            	7.74101806e+01
4785            	7.74168121e+01
4786            	7.74135320e+01
4787            	7.74130781e+01
4788            	7.74106927e+01
4789            	7.74098055e+01
4790            	7.74149310e+01
4791            	7.74121314e+01
4792            	7.74118101e+01
4793            	7.74083432e+01
4794            	7.74113451e+01
4795            	7.74055148e+01
4796            	7.74186212e+01
4797            	7.74113870e+01
4798            	7.74133323e+01
4799            	7.74176363e+01
4800            	7.74066467e+01
4801            	7.74113173e+01
4802            	7.74122527e+01
4803            	7.74103756e+01
4804            	7.74078713e+01
4805            	7.74045715e+01
4806            	7.74175102e+01
4807            	7.74205280e+01
4808            	7.74206531e+01
4809            	7.74104162e+01
4810            	7.74101420e+01
4811            	7.74050587e+01
4812            	7.74043559e+01
4813            	7.74127445e+01
4814            	7.74141392e+01
4815            	7.74146232e+01
4816            	7.74106673e+01
4817            	7.74093269e+01
4818            	7.74136943e+01
4819            	7.74075653e+01
4820            	7.74118094e+01
4821            	7.74138746e+01
4822            	7.74178574e+01
4823            	7.74112450e+01
4824            	7.74122527e+01
4825            	7.74141592e+01
4826            	7.74146630e+01
4827            	7.74111280e+01
4828            	7.74042291e+01
4829            	7.74129876e+01
4830            	7.74109587e+01
4831            	7.74136170e+01
4832            	7.74204243e+01
4833            	7.74136683e+01
4834            	7.74082100e+01
4835            	7.74065086e+01
4836            	7.74167991e+01
4837            	7.74168954e+01
4838            	7.74109859e+01
4839            	7.74091868e+01
4840            	7.74184356e+01
4841            	7.74101223e+01
4842            	7.74029247e+01
4843            	7.74079567e+01
4844            	7.74138209e+01
4845            	7.74110893e+01
4846            	7.74088105e+01
4847            	7.74115116e+01
4848            	7.74126141e+01
4849            	7.74109700e+01
4850            	7.74122914e+01
4851            	7.74146458e+01
4852            	7.74190781e+01
4853            	7.74081637e+01
4854            	7.74096666e+01
4855            	7.74076181e+01
4856            	7.74126069e+01
4857            	7.74152774e+01
4858            	7.74173251e+01
4859            	7.74092813e+01
4860            	7.74038570e+01
4861            	7.74118168e+01
4862            	7.74175652e+01
4863            	7.74141875e+01
4864            	7.74172154e+01
4865            	7.74118027e+01
4866            	7.74060183e+01
4867            	7.74086984e+01
4868            	7.74088109e+01
4869            	7.74073504e+01
4870            	7.74160889e+01
4871            	7.74124492e+01
4872            	7.74170648e+01
4873            	7.74146949e+01
4874            	7.74068574e+01
4875            	7.74098933e+01
4876            	7.74101572e+01
4877            	7.74093267e+01
4878            	7.74179175e+01
4879            	7.74104958e+01
4880            	7.74055485e+01
4881            	7.74110868e+01
4882            	7.74150284e+01
4883            	7.74188787e+01
4884            	7.74129579e+01
4885            	7.74060926e+01
4886            	7.74158424e+01
4887            	7.74179863e+01
4888            	7.74088088e+01
4889            	7.74079659e+01
4890            	7.74104377e+01
4891            	7.74065094e+01
4892            	7.74099455e+01
4893            	7.74093981e+01
4894            	7.74153704e+01
4895            	7.74145987e+01
4896            	7.74090513e+01
4897            	7.74111890e+01
4898            	7.74073442e+01
4899            	7.74074519e+01
4900            	7.74123161e+01
4901            	7.74057243e+01
4902            	7.74131445e+01
4903            	7.74197842e+01
4904            	7.74123869e+01
4905            	7.74132102e+01
4906            	7.74119820e+01
4907            	7.74083227e+01
4908            	7.74140934e+01
4909            	7.74156561e+01
4910            	7.74149749e+01
4911            	7.74089246e+01
4912            	7.74088771e+01
4913            	7.74053716e+01
4914            	7.74118771e+01
4915            	7.74128472e+01
4916            	7.74092037e+01
4917            	7.74111417e+01
4918            	7.74166168e+01
4919            	7.74094622e+01
4920            	7.74051187e+01
4921            	7.74072953e+01
4922            	7.74106760e+01
4923            	7.74044291e+01
4924            	7.74115652e+01
4925            	7.74179842e+01
4926            	7.74170952e+01
4927            	7.74137927e+01
4928            	7.74137448e+01
4929            	7.74165861e+01
4930            	7.74120987e+01
4931            	7.74064536e+01
4932            	7.74043961e+01
4933            	7.74072897e+01
4934            	7.74168734e+01
4935            	7.74174999e+01
4936            	7.74074566e+01
4937            	7.74209212e+01
4938            	7.74170388e+01
4939            	7.74104046e+01
4940            	7.74033914e+01
4941            	7.74136539e+01
4942            	7.74130930e+01
4943            	7.74131290e+01
4944            	7.74054421e+01
4945            	7.74161276e+01
4946            	7.74178521e+01
4947            	7.74135420e+01
4948            	7.74064127e+01
4949            	7.74111277e+01
4950            	7.74110097e+01
4951            	7.74134730e+01
4952            	7.74150163e+01
4953            	7.74064133e+01
4954            	7.74127380e+01
4955            	7.74035406e+01
4956            	7.74119309e+01
4957            	7.74142516e+01
4958            	7.74181990e+01
4959            	7.74110704e+01
4960            	7.74117194e+01
4961            	7.74106043e+01
4962            	7.74114650e+01
4963            	7.74061802e+01
4964            	7.74080584e+01
4965            	7.74158082e+01
4966            	7.74153872e+01
4967            	7.74148765e+01
4968            	7.74143655e+01
4969            	7.74180579e+01
4970            	7.74081462e+01
4971            	7.74096919e+01
4972            	7.74112553e+01
4973            	7.74139618e+01
4974            	7.74111760e+01
4975            	7.74112938e+01
4976            	7.74058536e+01
4977            	7.74069160e+01
4978            	7.74098438e+01
4979            	7.74193294e+01
4980            	7.74099356e+01
4981            	7.74077397e+01
4982            	7.74121678e+01
4983            	7.74132180e+01
4984            	7.74174803e+01
4985            	7.74133945e+01
4986            	7.74085138e+01
4987            	7.74089924e+01
4988            	7.74117743e+01
4989            	7.74188988e+01
4990            	7.74124474e+01
4991            	7.74103336e+01
4992            	7.74102347e+01
4993            	7.74079728e+01
4994            	7.74113008e+01
4995            	7.74163789e+01
4996            	7.74097069e+01
4997            	7.74144559e+01
4998            	7.74148256e+01
4999            	7.74059166e+01
5000            	7.74156995e+01
5001            	7.74148530e+01
5002            	7.74066424e+01
5003            	7.74135816e+01
5004            	7.74058964e+01
5005            	7.74166035e+01
5006            	7.74146790e+01
5007            	7.74126377e+01
5008            	7.74108826e+01
5009            	7.74108045e+01
5010            	7.74072939e+01
5011            	7.74075975e+01
5012            	7.74146333e+01
5013            	7.74188753e+01
5014            	7.74136477e+01
5015            	7.74085765e+01
5016            	7.74119008e+01
5017            	7.74056679e+01
5018            	7.74121817e+01
5019            	7.74079929e+01
5020            	7.74079083e+01
5021            	7.74096145e+01
5022            	7.74183583e+01
5023            	7.74167216e+01
5024            	7.74138501e+01
5025            	7.74147350e+01
5026            	7.74076034e+01
5027            	7.74036999e+01
5028            	7.74138507e+01
5029            	7.74146291e+01
5030            	7.74068150e+01
5031            	7.74114080e+01
5032            	7.74136143e+01
5033            	7.74076707e+01
5034            	7.74126673e+01
5035            	7.74092898e+01
5036            	7.74114249e+01
5037            	7.74190324e+01
5038            	7.74172205e+01
5039            	7.74122937e+01
5040            	7.74126165e+01
5041            	7.74102542e+01
5042            	7.74111937e+01
5043            	7.74066079e+01
5044            	7.74066439e+01
5045            	7.74057106e+01
5046            	7.74116866e+01
5047            	7.74104562e+01
5048            	7.74164293e+01
5049            	7.74175160e+01
5050            	7.74136757e+01
5051            	7.74095141e+01
5052            	7.74124042e+01
5053            	7.74133079e+01
5054            	7.74083332e+01
5055            	7.74100646e+01
5056            	7.74116172e+01
5057            	7.74105121e+01
5058            	7.74131709e+01
5059            	7.74036935e+01
5060            	7.74116330e+01
5061            	7.74161676e+01
5062            	7.74126575e+01
5063            	7.74132959e+01
5064            	7.74130929e+01
5065            	7.74129934e+01
5066            	7.74114294e+01
5067            	7.74137557e+01
5068            	7.74117942e+01
5069            	7.74091792e+01
5070            	7.74135218e+01
5071            	7.74023568e+01
5072            	7.74131648e+01
5073            	7.74206859e+01
5074            	7.74148585e+01
5075            	7.74142248e+01
5076            	7.74140050e+01
5077            	7.74011715e+01
5078            	7.74086617e+01
5079            	7.74170848e+01
5080            	7.74138527e+01
5081            	7.74130306e+01
5082            	7.74136497e+01
5083            	7.74093328e+01
5084            	7.74044425e+01
5085            	7.74081448e+01
5086            	7.74144043e+01
5087            	7.74179061e+01
5088            	7.74138276e+01
5089            	7.74068730e+01
5090            	7.74219026e+01
5091            	7.74172789e+01
5092            	7.74090759e+01
5093            	7.74037921e+01
5094            	7.74113632e+01
5095            	7.74114111e+01
5096            	7.74136587e+01
5097            	7.74153743e+01
5098            	7.74133860e+01
5099            	7.74082114e+01
5100            	7.74141679e+01
5101            	7.74177998e+01
5102            	7.74106992e+01
5103            	7.74057160e+01
5104            	7.74100950e+01
5105            	7.74089552e+01
5106            	7.74080952e+01
5107            	7.74163680e+01
5108            	7.74167547e+01
5109            	7.74098241e+01
5110            	7.74080203e+01
5111            	7.74156203e+01
5112            	7.74143352e+01
5113            	7.74075471e+01
5114            	7.74207982e+01
5115            	7.74131017e+01
5116            	7.74120722e+01
5117            	7.74043481e+01
5118            	7.74142759e+01
5119            	7.74211349e+01
5120            	7.74105358e+01
5121            	7.74083443e+01
5122            	7.74098575e+01
5123            	7.74107609e+01
5124            	7.74143658e+01
5125            	7.74149248e+01
5126            	7.74082100e+01
5127            	7.74117195e+01
5128            	7.74113403e+01
5129            	7.74054862e+01
5130            	7.74145314e+01
5131            	7.74121170e+01
5132            	7.74128314e+01
5133            	7.74107725e+01
5134            	7.74142215e+01
5135            	7.74140291e+01
5136            	7.74164188e+01
5137            	7.74082590e+01
5138            	7.74075535e+01
5139            	7.74070632e+01
5140            	7.74115046e+01
5141            	7.74164843e+01
5142            	7.74206181e+01
5143            	7.74121822e+01
5144            	7.74138238e+01
5145            	7.74109110e+01
5146            	7.74080766e+01
5147            	7.74078687e+01
5148            	7.74145494e+01
5149            	7.74116903e+01
5150            	7.74097076e+01
5151            	7.74134000e+01
5152            	7.74121504e+01
5153            	7.74124178e+01
5154            	7.74153239e+01
5155            	7.74145747e+01
5156            	7.74210908e+01
5157            	7.74121310e+01
5158            	7.74010517e+01
5159            	7.74064318e+01
5160            	7.74155084e+01
5161            	7.74085737e+01
5162            	7.74157445e+01
5163            	7.74142530e+01
5164            	7.74182749e+01
5165            	7.74064216e+01
5166            	7.74064996e+01
5167            	7.74135394e+01
5168            	7.74148222e+01
5169            	7.74124869e+01
5170            	7.74124182e+01
5171            	7.74172571e+01
5172            	7.74189001e+01
5173            	7.74128847e+01
5174            	7.74060759e+01
5175            	7.74094720e+01
5176            	7.74074618e+01
5177            	7.74113227e+01
5178            	7.74120963e+01
5179            	7.74175751e+01
5180            	7.74097339e+01
5181            	7.74071084e+01
5182            	7.74113021e+01
5183            	7.74109275e+01
5184            	7.74129032e+01
5185            	7.74147181e+01
5186            	7.74127272e+01
5187            	7.74088741e+01
5188            	7.74114843e+01
5189            	7.74150686e+01
5190            	7.74127842e+01
5191            	7.74126557e+01
5192            	7.74111615e+01
5193            	7.74072735e+01
5194            	7.74162587e+01
5195            	7.74130183e+01
5196            	7.74153062e+01
5197            	7.74075236e+01
5198            	7.74075940e+01
5199            	7.74071003e+01
5200            	7.74110919e+01
5201            	7.74140986e+01
5202            	7.74197086e+01
5203            	7.74123192e+01
5204            	7.74119298e+01
5205            	7.74082062e+01
5206            	7.74137151e+01
5207            	7.74075340e+01
5208            	7.74084347e+01
5209            	7.74149858e+01
5210            	7.74175339e+01
5211            	7.74075995e+01
5212            	7.74147261e+01
5213            	7.74121820e+01
5214            	7.74050759e+01
5215            	7.74086282e+01
5216            	7.74140549e+01
5217            	7.74083726e+01
5218            	7.74172182e+01
5219            	7.74199825e+01
5220            	7.74080754e+01
5221            	7.74084494e+01
5222            	7.74155354e+01
5223            	7.74119271e+01
5224            	7.74180240e+01
5225            	7.74137944e+01
5226            	7.74098284e+01
5227            	7.74076265e+01
5228            	7.74055970e+01
5229            	7.74108522e+01
5230            	7.74069524e+01
5231            	7.74138241e+01
5232            	7.74206282e+01
5233            	7.74141100e+01
5234            	7.74058772e+01
5235            	7.74124218e+01
5236            	7.74028872e+01
5237            	7.74147390e+01
5238            	7.74215614e+01
5239            	7.74141279e+01
5240            	7.74075727e+01
5241            	7.74194440e+01
5242            	7.74089345e+01
5243            	7.74034606e+01
5244            	7.74142227e+01
5245            	7.74131628e+01
5246            	7.74070077e+01
5247            	7.74052076e+01
5248            	7.74068058e+01
5249            	7.74157578e+01
5250            	7.74238776e+01
5251            	7.74139806e+01
5252            	7.74100333e+01
5253            	7.74068727e+01
5254            	7.74120022e+01
5255            	7.74103368e+01
5256            	7.74159039e+01
5257            	7.74110085e+01
5258            	7.74069705e+01
5259            	7.74112225e+01
5260            	7.74183721e+01
5261            	7.74179657e+01
5262            	7.74103351e+01
5263            	7.74058107e+01
5264            	7.74016197e+01
5265            	7.74101477e+01
5266            	7.74153823e+01
5267            	7.74094329e+01
5268            	7.74100517e+01
5269            	7.74185977e+01
5270            	7.74179124e+01
5271            	7.74178219e+01
5272            	7.74147260e+01
5273            	7.74011414e+01
5274            	7.74099468e+01
5275            	7.74125472e+01
5276            	7.74102875e+01
5277            	7.74133955e+01
5278            	7.74101969e+01
5279            	7.74066997e+01
5280            	7.74075278e+01
5281            	7.74118633e+01
5282            	7.74174036e+01
5283            	7.74139738e+01
5284            	7.74164731e+01
5285            	7.74092566e+01
5286            	7.74114251e+01
5287            	7.74127293e+01
5288            	7.74088999e+01
5289            	7.74124795e+01
5290            	7.74063112e+01
5291            	7.74104712e+01
5292            	7.74063520e+01
5293            	7.74108961e+01
5294            	7.74138820e+01
5295            	7.74165474e+01
5296            	7.74185274e+01
5297            	7.74162542e+01
5298            	7.74163970e+01
5299            	7.74080871e+01
5300            	7.74080813e+01
5301            	7.74082485e+01
5302            	7.74122255e+01
5303            	7.74107452e+01
5304            	7.74162350e+01
5305            	7.74101631e+01
5306            	7.74073694e+01
5307            	7.74101468e+01
5308            	7.74132260e+01
5309            	7.74127015e+01
5310            	7.74091206e+01
5311            	7.74084936e+01
5312            	7.74158615e+01
5313            	7.74074642e+01
5314            	7.74192657e+01
5315            	7.74178083e+01
5316            	7.74026757e+01
5317            	7.74067363e+01
5318            	7.74127488e+01
5319            	7.74204621e+01
5320            	7.74076980e+01
5321            	7.74080536e+01
5322            	7.74143392e+01
5323            	7.74071501e+01
5324            	7.74124850e+01
5325            	7.74148975e+01
5326            	7.74119160e+01
5327            	7.74111779e+01
5328            	7.74084412e+01
5329            	7.74106468e+01
5330            	7.74127157e+01
5331            	7.74133740e+01
5332            	7.74145606e+01
5333            	7.74096320e+01
5334            	7.74164407e+01
5335            	7.74105920e+01
5336            	7.74157656e+01
5337            	7.74141051e+01
5338            	7.74028433e+01
5339            	7.74032213e+01
5340            	7.74157986e+01
5341            	7.74098924e+01
5342            	7.74081698e+01
5343            	7.74113484e+01
5344            	7.74140637e+01
5345            	7.74128129e+01
5346            	7.74112116e+01
5347            	7.74155691e+01
5348            	7.74117613e+01
5349            	7.74097799e+01
5350            	7.74138341e+01
5351            	7.74156170e+01
5352            	7.74132851e+01
5353            	7.74166720e+01
5354            	7.74085702e+01
5355            	7.74059707e+01
5356            	7.74105162e+01
5357            	7.74139787e+01
5358            	7.74076933e+01
5359            	7.74109964e+01
5360            	7.74153954e+01
5361            	7.74129810e+01
5362            	7.74152269e+01
5363            	7.74142615e+01
5364            	7.74064957e+01
5365            	7.74038685e+01
5366            	7.74129751e+01
5367            	7.74119159e+01
5368            	7.74161753e+01
5369            	7.74184914e+01
5370            	7.74125613e+01
5371            	7.74070459e+01
5372            	7.74126444e+01
5373            	7.74121944e+01
5374            	7.74108907e+01
5375            	7.74134221e+01
5376            	7.74170151e+01
5377            	7.74040903e+01
5378            	7.74090199e+01
5379            	7.74121384e+01
5380            	7.74121259e+01
5381            	7.74120173e+01
5382            	7.74149531e+01
5383            	7.74108761e+01
5384            	7.74097176e+01
5385            	7.74208906e+01
5386            	7.74185151e+01
5387            	7.74086095e+01
5388            	7.74080674e+01
5389            	7.74108009e+01
5390            	7.74130869e+01
5391            	7.74065620e+01
5392            	7.74162879e+01
5393            	7.74196494e+01
5394            	7.74087096e+01
5395            	7.74111490e+01
5396            	7.74141077e+01
5397            	7.74074909e+01
5398            	7.74074492e+01
5399            	7.74139339e+01
5400            	7.74165386e+01
5401            	7.74089940e+01
5402            	7.74083408e+01
5403            	7.74106854e+01
5404            	7.74170340e+01
5405            	7.74163965e+01
5406            	7.74083634e+01
5407            	7.74136595e+01
5408            	7.74179346e+01
5409            	7.74151963e+01
5410            	7.74056272e+01
5411            	7.74074313e+01
5412            	7.74171489e+01
5413            	7.74116365e+01
5414            	7.74097815e+01
5415            	7.74119225e+01
5416            	7.74139295e+01
5417            	7.74083019e+01
5418            	7.74120899e+01
5419            	7.74059372e+01
5420            	7.74097742e+01
5421            	7.74217679e+01
5422            	7.74189726e+01
5423            	7.74140141e+01
5424            	7.74132706e+01
5425            	7.74041787e+01
5426            	7.74094914e+01
5427            	7.74112302e+01
5428            	7.74102111e+01
5429            	7.74169111e+01
5430            	7.74097039e+01
5431            	7.74049997e+01
5432            	7.74141849e+01
5433            	7.74142907e+01
5434            	7.74135527e+01
5435            	7.74108089e+01
5436            	7.74080675e+01
5437            	7.74141624e+01
5438            	7.74160884e+01
5439            	7.74145285e+01
5440            	7.74153179e+01
5441            	7.74124426e+01
5442            	7.74082820e+01
5443            	7.74093936e+01
5444            	7.74127622e+01
5445            	7.74137710e+01
5446            	7.74099199e+01
5447            	7.74093134e+01
5448            	7.74067575e+01
5449            	7.74107555e+01
5450            	7.74124244e+01
5451            	7.74144775e+01
5452            	7.74153582e+01
5453            	7.74107959e+01
5454            	7.74177002e+01
5455            	7.74120098e+01
5456            	7.74081287e+01
5457            	7.74100471e+01
5458            	7.74122215e+01
5459            	7.74094460e+01
5460            	7.74090300e+01
5461            	7.74149942e+01
5462            	7.74096113e+01
5463            	7.74085938e+01
5464            	7.74120677e+01
5465            	7.74181382e+01
5466            	7.74106559e+01
5467            	7.74089598e+01
5468            	7.74143477e+01
5469            	7.74099398e+01
5470            	7.74107264e+01
5471            	7.74075187e+01
5472            	7.74130539e+01
5473            	7.74091454e+01
5474            	7.74143512e+01
5475            	7.74145259e+01
5476            	7.74095062e+01
5477            	7.74035777e+01
5478            	7.74092675e+01
5479            	7.74178563e+01
5480            	7.74154881e+01
5481            	7.74083379e+01
5482            	7.74060111e+01
5483            	7.74078768e+01
5484            	7.74209301e+01
5485            	7.74171229e+01
5486            	7.74073832e+01
5487            	7.74138805e+01
5488            	7.74080354e+01
5489            	7.74082862e+01
5490            	7.74121208e+01
5491            	7.74151773e+01
5492            	7.74149565e+01
5493            	7.74158004e+01
5494            	7.74074621e+01
5495            	7.74089938e+01
5496            	7.74062570e+01
5497            	7.74115713e+01
5498            	7.74073663e+01
5499            	7.74107794e+01
5500            	7.74148865e+01
5501            	7.74122788e+01
5502            	7.74220469e+01
5503            	7.74165381e+01
5504            	7.74037609e+01
5505            	7.74146792e+01
5506            	7.74151016e+01
5507            	7.74073951e+01
5508            	7.74105547e+01
5509            	7.74093227e+01
5510            	7.74071880e+01
5511            	7.74137508e+01
5512            	7.74152214e+01
5513            	7.74124706e+01
5514            	7.74161140e+01
5515            	7.74083926e+01
5516            	7.74110749e+01
5517            	7.74134580e+01
5518            	7.74093873e+01
5519            	7.74167684e+01
5520            	7.74165267e+01
5521            	7.74114263e+01
5522            	7.74025584e+01
5523            	7.74067673e+01
5524            	7.74166798e+01
5525            	7.74102606e+01
5526            	7.74099381e+01
5527            	7.74101429e+01
5528            	7.74114131e+01
5529            	7.74102108e+01
5530            	7.74092372e+01
5531            	7.74131358e+01
5532            	7.74138868e+01
5533            	7.74088770e+01
5534            	7.74102437e+01
5535            	7.74159421e+01
5536            	7.74108623e+01
5537            	7.74120713e+01
5538            	7.74096540e+01
5539            	7.74156052e+01
5540            	7.74225162e+01
5541            	7.74146027e+01
5542            	7.74012226e+01
5543            	7.74050088e+01
5544            	7.74112588e+01
5545            	7.74126206e+01
5546            	7.74163990e+01
5547            	7.74135941e+01
5548            	7.74106903e+01
5549            	7.74118532e+01
5550            	7.74107129e+01
5551            	7.74094291e+01
5552            	7.74150804e+01
5553            	7.74144717e+01
5554            	7.74119634e+01
5555            	7.74111194e+01
5556            	7.74131382e+01
5557            	7.74099256e+01
5558            	7.74094476e+01
5559            	7.74093120e+01
5560            	7.74141357e+01
5561            	7.74062250e+01
5562            	7.74077107e+01
5563            	7.74156280e+01
5564            	7.74142681e+01
5565            	7.74156864e+01
5566            	7.74170790e+01
5567            	7.74161573e+01
5568            	7.74100739e+01
5569            	7.74117492e+01
5570            	7.74111182e+01
5571            	7.74130445e+01
5572            	7.74135055e+01
5573            	7.74039480e+01
5574            	7.74164635e+01
5575            	7.74168338e+01
5576            	7.74111330e+01
5577            	7.74141597e+01
5578            	7.74107013e+01
5579            	7.74013240e+01
5580            	7.74142699e+01
5581            	7.74142991e+01
5582            	7.74109655e+01
5583            	7.74155156e+01
5584            	7.74170559e+01
5585            	7.74126959e+01
5586            	7.74074058e+01
5587            	7.74072038e+01
5588            	7.74106964e+01
5589            	7.74132318e+01
5590            	7.74152240e+01
5591            	7.74107788e+01
5592            	7.74085008e+01
5593            	7.74150371e+01
5594            	7.74160748e+01
5595            	7.74180619e+01
5596            	7.74124977e+01
5597            	7.74100516e+01
5598            	7.74102351e+01
5599            	7.74073016e+01
5600            	7.74094829e+01
5601            	7.74153487e+01
5602            	7.74096108e+01
5603            	7.74190868e+01
5604            	7.74148411e+01
5605            	7.74055636e+01
5606            	7.74089861e+01
5607            	7.74107351e+01
5608            	7.74119907e+01
5609            	7.74123705e+01
5610            	7.74037411e+01
5611            	7.74144662e+01
5612            	7.74138585e+01
5613            	7.74054752e+01
5614            	7.74184262e+01
5615            	7.74137442e+01
5616            	7.74076440e+01
5617            	7.74168551e+01
5618            	7.74116227e+01
5619            	7.74075475e+01
5620            	7.74098013e+01
5621            	7.74110093e+01
5622            	7.74161928e+01
5623            	7.74120772e+01
5624            	7.74134564e+01
5625            	7.74114047e+01
5626            	7.74170067e+01
5627            	7.74081721e+01
5628            	7.74067575e+01
5629            	7.74083318e+01
5630            	7.74090206e+01
5631            	7.74140866e+01
5632            	7.74140587e+01
5633            	7.74133311e+01
5634            	7.74118096e+01
5635            	7.74082559e+01
5636            	7.74128341e+01
5637            	7.74150845e+01
5638            	7.74081947e+01
5639            	7.74039242e+01
5640            	7.74119127e+01
5641            	7.74183694e+01
5642            	7.74131386e+01
5643            	7.74133690e+01
5644            	7.74124748e+01
5645            	7.74101688e+01
5646            	7.74082123e+01
5647            	7.74108989e+01
5648            	7.74196398e+01
5649            	7.74171836e+01
5650            	7.74122980e+01
5651            	7.74132357e+01
5652            	7.74100712e+01
5653            	7.74063626e+01
5654            	7.74124863e+01
5655            	7.74127549e+01
5656            	7.74035121e+01
5657            	7.74056121e+01
5658            	7.74127979e+01
5659            	7.74200478e+01
5660            	7.74154939e+01
5661            	7.74072026e+01
5662            	7.74105414e+01
5663            	7.74065225e+01
5664            	7.74165907e+01
5665            	7.74143531e+01
5666            	7.74080953e+01
5667            	7.74132184e+01
5668            	7.74115396e+01
5669            	7.74127191e+01
5670            	7.74109339e+01
5671            	7.74134607e+01
5672            	7.74140157e+01
5673            	7.74063279e+01
5674            	7.74109682e+01
5675            	7.74126281e+01
5676            	7.74155345e+01
5677            	7.74145833e+01
5678            	7.74128785e+01
5679            	7.74124682e+01
5680            	7.74080378e+01
5681            	7.74090022e+01
5682            	7.74089874e+01
5683            	7.74153702e+01
5684            	7.74114307e+01
5685            	7.74116306e+01
5686            	7.74086917e+01
5687            	7.74047664e+01
5688            	7.74079047e+01
5689            	7.74123807e+01
5690            	7.74193473e+01
5691            	7.74145228e+01
5692            	7.74106457e+01
5693            	7.74194622e+01
5694            	7.74134656e+01
5695            	7.74065270e+01
5696            	7.74105039e+01
5697            	7.74083044e+01
5698            	7.74095787e+01
5699            	7.74095738e+01
5700            	7.74177010e+01
5701            	7.74116411e+01
5702            	7.74176338e+01
5703            	7.74134705e+01
5704            	7.74100503e+01
5705            	7.74077025e+01
5706            	7.74131119e+01
5707            	7.74126331e+01
5708            	7.74024417e+01
5709            	7.74119970e+01
5710            	7.74143432e+01
5711            	7.74149436e+01
5712            	7.74136175e+01
5713            	7.74097596e+01
5714            	7.74107562e+01
5715            	7.74063473e+01
5716            	7.74093167e+01
5717            	7.74051759e+01
5718            	7.74134462e+01
5719            	7.74177320e+01
5720            	7.74121440e+01
5721            	7.74062338e+01
5722            	7.74127986e+01
5723            	7.74146383e+01
5724            	7.74135520e+01
5725            	7.74133006e+01
5726            	7.74118662e+01
5727            	7.74066678e+01
5728            	7.74112171e+01
5729            	7.74183473e+01
5730            	7.74050987e+01
5731            	7.74051972e+01
5732            	7.74083597e+01
5733            	7.74184447e+01
5734            	7.74116305e+01
5735            	7.74188259e+01
5736            	7.74150728e+01
5737            	7.74105569e+01
5738            	7.74052797e+01
5739            	7.74064412e+01
5740            	7.74167891e+01
5741            	7.74162621e+01
5742            	7.74128544e+01
5743            	7.74099652e+01
5744            	7.74086796e+01
5745            	7.74079577e+01
5746            	7.74120329e+01
5747            	7.74113173e+01
5748            	7.74092749e+01
5749            	7.74073347e+01
5750            	7.74173556e+01
5751            	7.74202432e+01
5752            	7.74189756e+01
5753            	7.74022021e+01
5754            	7.74091637e+01
5755            	7.74166860e+01
5756            	7.74168850e+01
5757            	7.74107834e+01
5758            	7.74099004e+01
5759            	7.74113462e+01
5760            	7.74136437e+01
5761            	7.74102600e+01
5762            	7.74102456e+01
5763            	7.74096949e+01
5764            	7.74172084e+01
5765            	7.74106565e+01
5766            	7.74068932e+01
5767            	7.74103458e+01
5768            	7.74144422e+01
5769            	7.74125275e+01
5770            	7.74149383e+01
5771            	7.74166169e+01
5772            	7.74098568e+01
5773            	7.74112320e+01
5774            	7.74069209e+01
5775            	7.74095914e+01
5776            	7.74102589e+01
5777            	7.74138475e+01
5778            	7.74192117e+01
5779            	7.74188438e+01
5780            	7.74102865e+01
5781            	7.74082831e+01
5782            	7.74106563e+01
5783            	7.74108324e+01
5784            	7.74114739e+01
5785            	7.74100573e+01
5786            	7.74134304e+01
5787            	7.74101951e+01
5788            	7.74142798e+01
5789            	7.74162694e+01
5790            	7.74095983e+01
5791            	7.74101973e+01
5792            	7.74159829e+01
5793            	7.74058814e+01
5794            	7.74132893e+01
5795            	7.74125580e+01
5796            	7.74168015e+01
5797            	7.74106930e+01
5798            	7.74138792e+01
5799            	7.74109090e+01
5800            	7.74101411e+01
5801            	7.74183422e+01
5802            	7.74151629e+01
5803            	7.74070644e+01
5804            	7.74063895e+01
5805            	7.74121103e+01
5806            	7.74145783e+01
5807            	7.74162070e+01
5808            	7.74129720e+01
5809            	7.74096872e+01
5810            	7.74069663e+01
5811            	7.74142051e+01
5812            	7.74128964e+01
5813            	7.74061582e+01
5814            	7.74116606e+01
5815            	7.74111855e+01
5816            	7.74144262e+01
5817            	7.74183151e+01
5818            	7.74130489e+01
5819            	7.74139069e+01
5820            	7.74159842e+01
5821            	7.74113141e+01
5822            	7.74077916e+01
5823            	7.74084989e+01
5824            	7.74106742e+01
5825            	7.74115422e+01
5826            	7.74135437e+01
5827            	7.74139089e+01
5828            	7.74102411e+01
5829            	7.74080925e+01
5830            	7.74123728e+01
5831            	7.74137252e+01
5832            	7.74128792e+01
5833            	7.74147383e+01
5834            	7.74213610e+01
5835            	7.74168016e+01
5836            	7.74090031e+01
5837            	7.74096920e+01
5838            	7.74125163e+01
5839            	7.74056184e+01
5840            	7.74071648e+01
5841            	7.74134021e+01
5842            	7.74202428e+01
5843            	7.74107881e+01
5844            	7.74066047e+01
5845            	7.74156795e+01
5846            	7.74107333e+01
5847            	7.74119454e+01
5848            	7.74175808e+01
5849            	7.74053268e+01
5850            	7.74088118e+01
5851            	7.74144732e+01
5852            	7.74217891e+01
5853            	7.74115251e+01
5854            	7.74077687e+01
5855            	7.74170252e+01
5856            	7.74119114e+01
5857            	7.74076800e+01
5858            	7.74138992e+01
5859            	7.74069500e+01
5860            	7.74156378e+01
5861            	7.74215207e+01
5862            	7.74120976e+01
5863            	7.74082988e+01
5864            	7.74056651e+01
5865            	7.74079052e+01
5866            	7.74219189e+01
5867            	7.74135115e+01
5868            	7.74125446e+01
5869            	7.74123019e+01
5870            	7.74172910e+01
5871            	7.74109296e+01
5872            	7.74078204e+01
5873            	7.74110707e+01
5874            	7.74105449e+01
5875            	7.74121682e+01
5876            	7.74190121e+01
5877            	7.74152116e+01
5878            	7.74110662e+01
5879            	7.74094210e+01
5880            	7.74101205e+01
5881            	7.74168768e+01
5882            	7.74109696e+01
5883            	7.74120952e+01
5884            	7.74164910e+01
5885            	7.74132072e+01
5886            	7.74115560e+01
5887            	7.74147981e+01
5888            	7.74092556e+01
5889            	7.74017230e+01
5890            	7.74112242e+01
5891            	7.74102537e+01
5892            	7.74134991e+01
5893            	7.74127180e+01
5894            	7.74175924e+01
5895            	7.74167814e+01
5896            	7.74154178e+01
5897            	7.74109084e+01
5898            	7.74094102e+01
5899            	7.74109392e+01
5900            	7.74086688e+01
5901            	7.74132696e+01
5902            	7.74120652e+01
5903            	7.74136993e+01
5904            	7.74152275e+01
5905            	7.74148398e+01
5906            	7.74097339e+01
5907            	7.74059058e+01
5908            	7.74110478e+01
5909            	7.74142511e+01
5910            	7.74132136e+01
5911            	7.74208476e+01
5912            	7.74209389e+01
5913            	7.74105405e+01
5914            	7.74064043e+01
5915            	7.74088039e+01
5916            	7.74095295e+01
5917            	7.74118912e+01
5918            	7.74164972e+01
5919            	7.74073550e+01
5920            	7.74097018e+01
5921            	7.74121295e+01
5922            	7.74164657e+01
5923            	7.74092966e+01
5924            	7.74129350e+01
5925            	7.74144194e+01
5926            	7.74206733e+01
5927            	7.74067099e+01
5928            	7.74104073e+01
5929            	7.74109482e+01
5930            	7.74120130e+01
5931            	7.74096373e+01
5932            	7.74160664e+01
5933            	7.74128557e+01
5934            	7.74149412e+01
5935            	7.74068109e+01
5936            	7.74077710e+01
5937            	7.74138666e+01
5938            	7.74127523e+01
5939            	7.74182817e+01
5940            	7.74083593e+01
5941            	7.74018394e+01
5942            	7.74135977e+01
5943            	7.74121689e+01
5944            	7.74142243e+01
5945            	7.74130186e+01
5946            	7.74109475e+01
5947            	7.74142658e+01
5948            	7.74175133e+01
5949            	7.74103190e+01
5950            	7.74145946e+01
5951            	7.74106569e+01
5952            	7.74084980e+01
5953            	7.74122618e+01
5954            	7.74161425e+01
5955            	7.74101765e+01
5956            	7.74098850e+01
5957            	7.74070984e+01
5958            	7.74075688e+01
5959            	7.74131251e+01
5960            	7.74128255e+01
5961            	7.74142408e+01
5962            	7.74183331e+01
5963            	7.74143297e+01
5964            	7.74033337e+01
5965            	7.74118636e+01
5966            	7.74162687e+01
5967            	7.74116779e+01
5968            	7.74128768e+01
5969            	7.74137271e+01
5970            	7.74091581e+01
5971            	7.74083987e+01
5972            	7.74102592e+01
5973            	7.74094029e+01
5974            	7.74096175e+01
5975            	7.74155006e+01
5976            	7.74106326e+01
5977            	7.74149329e+01
5978            	7.74164629e+01
5979            	7.74120031e+01
5980            	7.74139991e+01
5981            	7.74119281e+01
5982            	7.74121432e+01
5983            	7.74114099e+01
5984            	7.74067953e+01
5985            	7.74067845e+01
5986            	7.74123273e+01
5987            	7.74133932e+01
5988            	7.74166551e+01
5989            	7.74089777e+01
5990            	7.74142739e+01
5991            	7.74099906e+01
5992            	7.74172076e+01
5993            	7.74091280e+01
5994            	7.74085403e+01
5995            	7.74112616e+01
5996            	7.74186665e+01
5997            	7.74171017e+01
5998            	7.74105037e+01
5999            	7.74065426e+01
6000            	7.74074023e+01
