# Region type : patch inlet
# Faces         : 1620
# Area          : 5.00000000e-04
# Scale factor  : 1.00000000e+00
# Time          	areaAverage(p_rgh)
1               	2.79335378e-03
2               	6.47517487e-03
3               	9.35719385e-03
4               	1.05523098e-02
5               	1.00917598e-02
6               	8.55950434e-03
7               	6.79178220e-03
8               	5.47710092e-03
9               	4.85589309e-03
10              	4.87220481e-03
11              	5.28417229e-03
12              	5.75529670e-03
13              	6.02656536e-03
14              	6.02422422e-03
15              	5.75476441e-03
16              	5.33503604e-03
17              	4.91272948e-03
18              	4.59923077e-03
19              	4.42562822e-03
20              	4.36906400e-03
21              	4.35895720e-03
22              	4.36068456e-03
23              	4.34088757e-03
24              	4.26986474e-03
25              	4.15985526e-03
26              	4.02784979e-03
27              	3.90909405e-03
28              	3.82127269e-03
29              	3.75658821e-03
30              	3.71080812e-03
31              	3.67925764e-03
32              	3.64830058e-03
33              	3.61131442e-03
34              	3.57203599e-03
35              	3.53178899e-03
36              	3.48658029e-03
37              	3.44278838e-03
38              	3.40068565e-03
39              	3.36524331e-03
40              	3.33855118e-03
41              	3.31419175e-03
42              	3.28904323e-03
43              	3.26633939e-03
44              	3.24412661e-03
45              	3.21734258e-03
46              	3.19626547e-03
47              	3.17196214e-03
48              	3.14626583e-03
49              	3.12219902e-03
50              	3.10062999e-03
51              	3.08437070e-03
52              	3.07256541e-03
53              	3.06058261e-03
54              	3.04237483e-03
55              	3.02184156e-03
56              	3.00250848e-03
57              	2.98932379e-03
58              	2.97962133e-03
59              	2.96448785e-03
60              	2.95141559e-03
61              	2.93757055e-03
62              	2.92212243e-03
63              	2.91239580e-03
64              	2.90055747e-03
65              	2.89007205e-03
66              	2.87981074e-03
67              	2.86572274e-03
68              	2.85478972e-03
69              	2.84830450e-03
70              	2.84345351e-03
71              	2.83331016e-03
72              	2.82133495e-03
73              	2.81000980e-03
74              	2.80405367e-03
75              	2.79665207e-03
76              	2.79004285e-03
77              	2.78560180e-03
78              	2.78213696e-03
79              	2.77419304e-03
80              	2.76425317e-03
81              	2.75824052e-03
82              	2.75183308e-03
83              	2.74188632e-03
84              	2.73210701e-03
85              	2.72535707e-03
86              	2.72143457e-03
87              	2.72014509e-03
88              	2.71623030e-03
89              	2.71257141e-03
90              	2.70447291e-03
91              	2.69869215e-03
92              	2.69539541e-03
93              	2.69304731e-03
94              	2.69035323e-03
95              	2.68596911e-03
96              	2.68078866e-03
97              	2.67883302e-03
98              	2.67460409e-03
99              	2.67045160e-03
100             	2.66653497e-03
101             	2.66596557e-03
102             	2.66650350e-03
103             	2.66765821e-03
104             	2.66387103e-03
105             	2.65921705e-03
106             	2.65925470e-03
107             	2.66041774e-03
108             	2.65950016e-03
109             	2.65504951e-03
110             	2.65316056e-03
111             	2.65461278e-03
112             	2.65515035e-03
113             	2.65578203e-03
114             	2.65390243e-03
115             	2.65622783e-03
116             	2.65652814e-03
117             	2.65458958e-03
118             	2.65321580e-03
119             	2.65327946e-03
120             	2.65244522e-03
121             	2.65386531e-03
122             	2.65593490e-03
123             	2.65597260e-03
124             	2.65715427e-03
125             	2.66004611e-03
126             	2.66130164e-03
127             	2.66129555e-03
128             	2.66192445e-03
129             	2.66119774e-03
130             	2.66162414e-03
131             	2.66376234e-03
132             	2.66435947e-03
133             	2.66477049e-03
134             	2.66738160e-03
135             	2.66765672e-03
136             	2.66887738e-03
137             	2.67088417e-03
138             	2.66980076e-03
139             	2.66974684e-03
140             	2.66782184e-03
141             	2.66613414e-03
142             	2.66342820e-03
143             	2.66490216e-03
144             	2.67024108e-03
145             	2.67327661e-03
146             	2.67520180e-03
147             	2.67509790e-03
148             	2.67681497e-03
149             	2.68015341e-03
150             	2.68151989e-03
151             	2.68319780e-03
152             	2.68606096e-03
153             	2.68809731e-03
154             	2.68846437e-03
155             	2.69005301e-03
156             	2.69256969e-03
157             	2.69318753e-03
158             	2.69255315e-03
159             	2.69167460e-03
160             	2.69255021e-03
161             	2.69444452e-03
162             	2.69470590e-03
163             	2.69956152e-03
164             	2.70001057e-03
165             	2.69993921e-03
166             	2.70337830e-03
167             	2.70724809e-03
168             	2.70856286e-03
169             	2.70802396e-03
170             	2.70918801e-03
171             	2.71121968e-03
172             	2.71417430e-03
173             	2.71592790e-03
174             	2.71523618e-03
175             	2.71752738e-03
176             	2.71747377e-03
177             	2.71649904e-03
178             	2.71815899e-03
179             	2.71976766e-03
180             	2.72033147e-03
181             	2.71934568e-03
182             	2.71964044e-03
183             	2.71813998e-03
184             	2.71919821e-03
185             	2.72242263e-03
186             	2.72495823e-03
187             	2.72802683e-03
188             	2.72948666e-03
189             	2.72895288e-03
190             	2.72833393e-03
191             	2.72909171e-03
192             	2.72921152e-03
193             	2.72813577e-03
194             	2.72840653e-03
195             	2.73033043e-03
196             	2.73092521e-03
197             	2.72940575e-03
198             	2.73019416e-03
199             	2.73328683e-03
200             	2.73382720e-03
201             	2.73145896e-03
202             	2.73077704e-03
203             	2.73494575e-03
204             	2.73452931e-03
205             	2.73631859e-03
206             	2.73815026e-03
207             	2.74315706e-03
208             	2.74271458e-03
209             	2.74039359e-03
210             	2.73857152e-03
211             	2.73873772e-03
212             	2.74148114e-03
213             	2.74642933e-03
214             	2.75019108e-03
215             	2.75099252e-03
216             	2.75107339e-03
217             	2.75334085e-03
218             	2.75104786e-03
219             	2.75184938e-03
220             	2.75156410e-03
221             	2.75301540e-03
222             	2.75470934e-03
223             	2.75675360e-03
224             	2.75652105e-03
225             	2.75619972e-03
226             	2.75597218e-03
227             	2.75624991e-03
228             	2.75850928e-03
229             	2.76331467e-03
230             	2.76432910e-03
231             	2.76788621e-03
232             	2.76798154e-03
233             	2.76571323e-03
234             	2.76143987e-03
235             	2.76182538e-03
236             	2.76390240e-03
237             	2.76668199e-03
238             	2.76738319e-03
239             	2.76738973e-03
240             	2.77001524e-03
241             	2.77110441e-03
242             	2.76821492e-03
243             	2.76809326e-03
244             	2.76978283e-03
245             	2.77028831e-03
246             	2.77046747e-03
247             	2.77376387e-03
248             	2.77518153e-03
249             	2.77935292e-03
250             	2.77881235e-03
251             	2.77993595e-03
252             	2.77927378e-03
253             	2.77872534e-03
254             	2.77828652e-03
255             	2.78371169e-03
256             	2.78389025e-03
257             	2.78259154e-03
258             	2.78027885e-03
259             	2.78363857e-03
260             	2.78595436e-03
261             	2.78798967e-03
262             	2.78712054e-03
263             	2.78754435e-03
264             	2.78943116e-03
265             	2.79543874e-03
266             	2.79731674e-03
267             	2.80120553e-03
268             	2.80056264e-03
269             	2.80116780e-03
270             	2.80182859e-03
271             	2.80599277e-03
272             	2.80855889e-03
273             	2.81251364e-03
274             	2.81517223e-03
275             	2.81603831e-03
276             	2.81373833e-03
277             	2.81361968e-03
278             	2.80934426e-03
279             	2.81056596e-03
280             	2.81244039e-03
281             	2.81525182e-03
282             	2.81218038e-03
283             	2.81229115e-03
284             	2.81445987e-03
285             	2.81670703e-03
286             	2.82165025e-03
287             	2.82646374e-03
288             	2.82879004e-03
289             	2.83161658e-03
290             	2.83288792e-03
291             	2.83665810e-03
292             	2.83531803e-03
293             	2.83629580e-03
294             	2.83422664e-03
295             	2.83710817e-03
296             	2.83984892e-03
297             	2.84030307e-03
298             	2.84171476e-03
299             	2.84487278e-03
300             	2.84660697e-03
301             	2.84911605e-03
302             	2.84845004e-03
303             	2.84981072e-03
304             	2.84823185e-03
305             	2.84505690e-03
306             	2.84910364e-03
307             	2.85528973e-03
308             	2.86139949e-03
309             	2.86366025e-03
310             	2.86105816e-03
311             	2.86093414e-03
312             	2.86448785e-03
313             	2.86863624e-03
314             	2.87367479e-03
315             	2.87282525e-03
316             	2.86943021e-03
317             	2.86417994e-03
318             	2.86477655e-03
319             	2.87204858e-03
320             	2.88295390e-03
321             	2.88580640e-03
322             	2.88721672e-03
323             	2.89301330e-03
324             	2.89533475e-03
325             	2.89400672e-03
326             	2.89121158e-03
327             	2.88510636e-03
328             	2.88385769e-03
329             	2.88260643e-03
330             	2.88643603e-03
331             	2.89760549e-03
332             	2.91234714e-03
333             	2.91660310e-03
334             	2.91617491e-03
335             	2.90985835e-03
336             	2.91003348e-03
337             	2.91105980e-03
338             	2.91072244e-03
339             	2.90792838e-03
340             	2.91493469e-03
341             	2.91555307e-03
342             	2.92211359e-03
343             	2.93241357e-03
344             	2.93854296e-03
345             	2.93672647e-03
346             	2.93707225e-03
347             	2.92978985e-03
348             	2.92505158e-03
349             	2.92486627e-03
350             	2.93595811e-03
351             	2.94309869e-03
352             	2.95018143e-03
353             	2.95277294e-03
354             	2.94946006e-03
355             	2.94221997e-03
356             	2.93846230e-03
357             	2.94347956e-03
358             	2.94480321e-03
359             	2.94481181e-03
360             	2.94699760e-03
361             	2.94966123e-03
362             	2.95878557e-03
363             	2.96511201e-03
364             	2.96996880e-03
365             	2.97034738e-03
366             	2.96748178e-03
367             	2.96085522e-03
368             	2.96083243e-03
369             	2.96294465e-03
370             	2.96992738e-03
371             	2.97430969e-03
372             	2.97509788e-03
373             	2.97569155e-03
374             	2.97270322e-03
375             	2.97061224e-03
376             	2.97416596e-03
377             	2.97726083e-03
378             	2.98141706e-03
379             	2.98684734e-03
380             	2.98495148e-03
381             	2.98380801e-03
382             	2.98681810e-03
383             	2.99103283e-03
384             	2.98825110e-03
385             	2.99185156e-03
386             	2.99755157e-03
387             	3.00539876e-03
388             	3.00486774e-03
389             	3.00560946e-03
390             	3.00381195e-03
391             	3.00348205e-03
392             	3.00580401e-03
393             	3.00658511e-03
394             	3.00300858e-03
395             	3.00051538e-03
396             	3.00421947e-03
397             	3.01006808e-03
398             	3.01476122e-03
399             	3.01736288e-03
400             	3.01742517e-03
401             	3.01254864e-03
402             	3.01348880e-03
403             	3.01957647e-03
404             	3.02905177e-03
405             	3.03126873e-03
406             	3.03083670e-03
407             	3.02612606e-03
408             	3.02672986e-03
409             	3.02197794e-03
410             	3.02221436e-03
411             	3.03440425e-03
412             	3.03752805e-03
413             	3.03497441e-03
414             	3.03242849e-03
415             	3.03337461e-03
416             	3.03229101e-03
417             	3.02992299e-03
418             	3.03843618e-03
419             	3.04451382e-03
420             	3.04166030e-03
421             	3.03529145e-03
422             	3.03549343e-03
423             	3.03563247e-03
424             	3.03580939e-03
425             	3.03157631e-03
426             	3.03271956e-03
427             	3.03860157e-03
428             	3.04285789e-03
429             	3.04698130e-03
430             	3.05089327e-03
431             	3.05473946e-03
432             	3.06086130e-03
433             	3.06546444e-03
434             	3.06022300e-03
435             	3.05108722e-03
436             	3.04704549e-03
437             	3.04560533e-03
438             	3.04603576e-03
439             	3.04768034e-03
440             	3.04927276e-03
441             	3.05063190e-03
442             	3.04901739e-03
443             	3.04647772e-03
444             	3.05668045e-03
445             	3.06068113e-03
446             	3.06281990e-03
447             	3.06090017e-03
448             	3.05748963e-03
449             	3.05577850e-03
450             	3.05659864e-03
451             	3.06074602e-03
452             	3.06320532e-03
453             	3.06245524e-03
454             	3.06329106e-03
455             	3.06969204e-03
456             	3.07861341e-03
457             	3.07902171e-03
458             	3.07104844e-03
459             	3.06849098e-03
460             	3.06269300e-03
461             	3.06047466e-03
462             	3.06837191e-03
463             	3.08078677e-03
464             	3.09533215e-03
465             	3.09816644e-03
466             	3.08786712e-03
467             	3.07593263e-03
468             	3.06097930e-03
469             	3.05639182e-03
470             	3.06029543e-03
471             	3.06353522e-03
472             	3.07277101e-03
473             	3.08166291e-03
474             	3.08693572e-03
475             	3.09057676e-03
476             	3.09234340e-03
477             	3.09667556e-03
478             	3.08604858e-03
479             	3.07687847e-03
480             	3.07088565e-03
481             	3.07073357e-03
482             	3.07120359e-03
483             	3.07237876e-03
484             	3.07150558e-03
485             	3.08265414e-03
486             	3.08496101e-03
487             	3.09096537e-03
488             	3.09349402e-03
489             	3.09630688e-03
490             	3.09837799e-03
491             	3.09271976e-03
492             	3.08812913e-03
493             	3.08445535e-03
494             	3.08261059e-03
495             	3.09017071e-03
496             	3.10024852e-03
497             	3.10520025e-03
498             	3.10497619e-03
499             	3.10569521e-03
500             	3.10573499e-03
501             	3.10636939e-03
502             	3.10659532e-03
503             	3.10201321e-03
504             	3.10442927e-03
505             	3.10593101e-03
506             	3.10517440e-03
507             	3.10719413e-03
508             	3.10633962e-03
509             	3.10438848e-03
510             	3.10353777e-03
511             	3.10789579e-03
512             	3.12259558e-03
513             	3.13397313e-03
514             	3.13018905e-03
515             	3.11618958e-03
516             	3.10692822e-03
517             	3.10076538e-03
518             	3.10598694e-03
519             	3.11186379e-03
520             	3.11227054e-03
521             	3.11522618e-03
522             	3.11337350e-03
523             	3.11793821e-03
524             	3.12733173e-03
525             	3.13332815e-03
526             	3.13026523e-03
527             	3.12342901e-03
528             	3.11574409e-03
529             	3.11533590e-03
530             	3.11392399e-03
531             	3.11460438e-03
532             	3.11516752e-03
533             	3.12616722e-03
534             	3.14277121e-03
535             	3.15333883e-03
536             	3.15941592e-03
537             	3.15319416e-03
538             	3.14007526e-03
539             	3.12292414e-03
540             	3.11441005e-03
541             	3.12104879e-03
542             	3.13655121e-03
543             	3.15027271e-03
544             	3.15390341e-03
545             	3.15896197e-03
546             	3.16221232e-03
547             	3.16330473e-03
548             	3.15718132e-03
549             	3.15743687e-03
550             	3.15788127e-03
551             	3.15198257e-03
552             	3.14785886e-03
553             	3.13773009e-03
554             	3.13377014e-03
555             	3.13667993e-03
556             	3.14647131e-03
557             	3.16353393e-03
558             	3.17809238e-03
559             	3.18892525e-03
560             	3.18856157e-03
561             	3.17582416e-03
562             	3.16288651e-03
563             	3.14932026e-03
564             	3.14833976e-03
565             	3.15888989e-03
566             	3.17447523e-03
567             	3.18169257e-03
568             	3.18044792e-03
569             	3.17997694e-03
570             	3.17884428e-03
571             	3.17542256e-03
572             	3.16310370e-03
573             	3.16110444e-03
574             	3.16410226e-03
575             	3.17335721e-03
576             	3.18279234e-03
577             	3.18808288e-03
578             	3.18657569e-03
579             	3.18239046e-03
580             	3.17624833e-03
581             	3.18083348e-03
582             	3.18547089e-03
583             	3.18487121e-03
584             	3.18389526e-03
585             	3.18316904e-03
586             	3.18956805e-03
587             	3.19918064e-03
588             	3.20311116e-03
589             	3.20817805e-03
590             	3.20595914e-03
591             	3.20349528e-03
592             	3.20474893e-03
593             	3.20121929e-03
594             	3.19744000e-03
595             	3.19667749e-03
596             	3.19835957e-03
597             	3.20216869e-03
598             	3.20870317e-03
599             	3.20838724e-03
600             	3.20704523e-03
601             	3.21806873e-03
602             	3.21140725e-03
603             	3.20949943e-03
604             	3.21890887e-03
605             	3.22963909e-03
606             	3.24405644e-03
607             	3.24376843e-03
608             	3.22392437e-03
609             	3.21166539e-03
610             	3.21282683e-03
611             	3.21073561e-03
612             	3.21450979e-03
613             	3.22239309e-03
614             	3.22244067e-03
615             	3.22492710e-03
616             	3.22635758e-03
617             	3.22479348e-03
618             	3.23042213e-03
619             	3.23306513e-03
620             	3.22721763e-03
621             	3.22815260e-03
622             	3.23503724e-03
623             	3.23598178e-03
624             	3.23883089e-03
625             	3.24816687e-03
626             	3.25331459e-03
627             	3.24106439e-03
628             	3.22080754e-03
629             	3.21534728e-03
630             	3.22707976e-03
631             	3.25101515e-03
632             	3.26453296e-03
633             	3.25709796e-03
634             	3.24951418e-03
635             	3.24110534e-03
636             	3.23853249e-03
637             	3.24400041e-03
638             	3.25276578e-03
639             	3.25610670e-03
640             	3.25609864e-03
641             	3.25343703e-03
642             	3.24697118e-03
643             	3.24728012e-03
644             	3.24741873e-03
645             	3.26209278e-03
646             	3.28671430e-03
647             	3.29396132e-03
648             	3.28927058e-03
649             	3.27970232e-03
650             	3.26426399e-03
651             	3.25826646e-03
652             	3.26745024e-03
653             	3.27954009e-03
654             	3.29418196e-03
655             	3.29879082e-03
656             	3.28771536e-03
657             	3.27266036e-03
658             	3.26471059e-03
659             	3.26732705e-03
660             	3.27786530e-03
661             	3.29348728e-03
662             	3.30642992e-03
663             	3.30790973e-03
664             	3.29409850e-03
665             	3.27895644e-03
666             	3.27795946e-03
667             	3.28390493e-03
668             	3.29537821e-03
669             	3.30157815e-03
670             	3.30178342e-03
671             	3.29489657e-03
672             	3.28876735e-03
673             	3.29569290e-03
674             	3.30622309e-03
675             	3.31266279e-03
676             	3.31176085e-03
677             	3.30213764e-03
678             	3.29379742e-03
679             	3.28948819e-03
680             	3.29411443e-03
681             	3.30686278e-03
682             	3.31988213e-03
683             	3.32045580e-03
684             	3.32014377e-03
685             	3.32829585e-03
686             	3.33395378e-03
687             	3.33603307e-03
688             	3.33172071e-03
689             	3.32413901e-03
690             	3.31853559e-03
691             	3.31382116e-03
692             	3.31457890e-03
693             	3.31522461e-03
694             	3.32086077e-03
695             	3.31526572e-03
696             	3.32073490e-03
697             	3.32942113e-03
698             	3.33317359e-03
699             	3.34647801e-03
700             	3.35387045e-03
701             	3.34973508e-03
702             	3.34525053e-03
703             	3.34867798e-03
704             	3.35646737e-03
705             	3.35702734e-03
706             	3.34923081e-03
707             	3.33558954e-03
708             	3.32541654e-03
709             	3.32671607e-03
710             	3.33039227e-03
711             	3.33810647e-03
712             	3.35352237e-03
713             	3.36523678e-03
714             	3.36928354e-03
715             	3.36017140e-03
716             	3.34783354e-03
717             	3.34940746e-03
718             	3.35909900e-03
719             	3.37145835e-03
720             	3.37056814e-03
721             	3.36561148e-03
722             	3.34668099e-03
723             	3.34415301e-03
724             	3.35794240e-03
725             	3.37040636e-03
726             	3.37669871e-03
727             	3.37539833e-03
728             	3.37447382e-03
729             	3.38055665e-03
730             	3.38308151e-03
731             	3.38881444e-03
732             	3.38601930e-03
733             	3.37822881e-03
734             	3.38140302e-03
735             	3.38380990e-03
736             	3.38251728e-03
737             	3.37988138e-03
738             	3.38372253e-03
739             	3.38689374e-03
740             	3.38915781e-03
741             	3.39506685e-03
742             	3.39138640e-03
743             	3.37940781e-03
744             	3.36216826e-03
745             	3.35976010e-03
746             	3.37845029e-03
747             	3.40194265e-03
748             	3.41730575e-03
749             	3.42037211e-03
750             	3.41320302e-03
751             	3.40353055e-03
752             	3.39498299e-03
753             	3.39776123e-03
754             	3.41324972e-03
755             	3.41910483e-03
756             	3.42116230e-03
757             	3.41973113e-03
758             	3.40640081e-03
759             	3.39741835e-03
760             	3.39536989e-03
761             	3.39806691e-03
762             	3.40326398e-03
763             	3.40984468e-03
764             	3.42566243e-03
765             	3.42891839e-03
766             	3.42829960e-03
767             	3.42472121e-03
768             	3.42070900e-03
769             	3.42813126e-03
770             	3.43678090e-03
771             	3.43270059e-03
772             	3.42479658e-03
773             	3.42238238e-03
774             	3.41025533e-03
775             	3.41379086e-03
776             	3.43349222e-03
777             	3.43564906e-03
778             	3.43951085e-03
779             	3.44061291e-03
780             	3.43683604e-03
781             	3.43379362e-03
782             	3.42570294e-03
783             	3.42993237e-03
784             	3.44441715e-03
785             	3.45739470e-03
786             	3.46426486e-03
787             	3.45386079e-03
788             	3.44430884e-03
789             	3.42937809e-03
790             	3.42530688e-03
791             	3.43353208e-03
792             	3.43762325e-03
793             	3.45037191e-03
794             	3.45561804e-03
795             	3.46140042e-03
796             	3.48416990e-03
797             	3.49349461e-03
798             	3.49009027e-03
799             	3.47749791e-03
800             	3.45910814e-03
801             	3.45488704e-03
802             	3.45251191e-03
803             	3.45153686e-03
804             	3.45254261e-03
805             	3.47554857e-03
806             	3.48421777e-03
807             	3.47534800e-03
808             	3.47063429e-03
809             	3.45997504e-03
810             	3.45452639e-03
811             	3.46017795e-03
812             	3.46063572e-03
813             	3.46564046e-03
814             	3.48629255e-03
815             	3.49058706e-03
816             	3.47856857e-03
817             	3.47716853e-03
818             	3.48239887e-03
819             	3.48941840e-03
820             	3.49257897e-03
821             	3.49211974e-03
822             	3.48824463e-03
823             	3.49577049e-03
824             	3.49324469e-03
825             	3.49266871e-03
826             	3.49613537e-03
827             	3.49488124e-03
828             	3.49219929e-03
829             	3.48287817e-03
830             	3.47415406e-03
831             	3.48096944e-03
832             	3.50313568e-03
833             	3.51678177e-03
834             	3.52002085e-03
835             	3.50426325e-03
836             	3.50185199e-03
837             	3.49234820e-03
838             	3.47700239e-03
839             	3.48325465e-03
840             	3.49062136e-03
841             	3.49355029e-03
842             	3.50097584e-03
843             	3.50374751e-03
844             	3.51155564e-03
845             	3.52159161e-03
846             	3.52200386e-03
847             	3.52295281e-03
848             	3.51994889e-03
849             	3.51683731e-03
850             	3.51399296e-03
851             	3.50838241e-03
852             	3.50528449e-03
853             	3.51837255e-03
854             	3.53439087e-03
855             	3.53848464e-03
856             	3.52827756e-03
857             	3.51869407e-03
858             	3.51055722e-03
859             	3.50912240e-03
860             	3.51334009e-03
861             	3.52169581e-03
862             	3.53480103e-03
863             	3.53774880e-03
864             	3.54082909e-03
865             	3.54580715e-03
866             	3.54151018e-03
867             	3.53876344e-03
868             	3.54058219e-03
869             	3.53257088e-03
870             	3.51555913e-03
871             	3.50231144e-03
872             	3.49936688e-03
873             	3.50484714e-03
874             	3.52424602e-03
875             	3.55560169e-03
876             	3.58598264e-03
877             	3.59487073e-03
878             	3.57270559e-03
879             	3.53445649e-03
880             	3.51340288e-03
881             	3.51752664e-03
882             	3.53071583e-03
883             	3.54606854e-03
884             	3.56036319e-03
885             	3.57393036e-03
886             	3.57090531e-03
887             	3.56423638e-03
888             	3.55472796e-03
889             	3.55881500e-03
890             	3.56779684e-03
891             	3.56728827e-03
892             	3.56890668e-03
893             	3.56555053e-03
894             	3.56619007e-03
895             	3.55994896e-03
896             	3.55337512e-03
897             	3.55220364e-03
898             	3.55091766e-03
899             	3.55361599e-03
900             	3.56047294e-03
901             	3.56625458e-03
902             	3.57678452e-03
903             	3.58853355e-03
904             	3.58543285e-03
905             	3.56715182e-03
906             	3.54908735e-03
907             	3.55285215e-03
908             	3.55708973e-03
909             	3.55634383e-03
910             	3.57458341e-03
911             	3.59610555e-03
912             	3.59626876e-03
913             	3.59113907e-03
914             	3.57801679e-03
915             	3.57299807e-03
916             	3.57847520e-03
917             	3.57299602e-03
918             	3.57585011e-03
919             	3.58479854e-03
920             	3.58138210e-03
921             	3.57683085e-03
922             	3.58186551e-03
923             	3.60028737e-03
924             	3.61103905e-03
925             	3.60125449e-03
926             	3.58638222e-03
927             	3.57611265e-03
928             	3.56520115e-03
929             	3.55971038e-03
930             	3.56207413e-03
931             	3.57196408e-03
932             	3.59973218e-03
933             	3.62023653e-03
934             	3.62289813e-03
935             	3.61940906e-03
936             	3.60856532e-03
937             	3.59096775e-03
938             	3.57279844e-03
939             	3.57143159e-03
940             	3.58281046e-03
941             	3.59825597e-03
942             	3.61436278e-03
943             	3.61277707e-03
944             	3.60729589e-03
945             	3.60146890e-03
946             	3.60013189e-03
947             	3.60393779e-03
948             	3.61580839e-03
949             	3.62001613e-03
950             	3.62351851e-03
951             	3.61993635e-03
952             	3.61356740e-03
953             	3.60438682e-03
954             	3.58733852e-03
955             	3.57745902e-03
956             	3.58132170e-03
957             	3.59340514e-03
958             	3.60847999e-03
959             	3.62449678e-03
960             	3.62871826e-03
961             	3.62727100e-03
962             	3.60887195e-03
963             	3.59148959e-03
964             	3.59956419e-03
965             	3.60292443e-03
966             	3.60789710e-03
967             	3.61180061e-03
968             	3.61671145e-03
969             	3.62366071e-03
970             	3.62955469e-03
971             	3.62471430e-03
972             	3.62303010e-03
973             	3.62092012e-03
974             	3.61490531e-03
975             	3.60617958e-03
976             	3.60578058e-03
977             	3.61462295e-03
978             	3.62460857e-03
979             	3.63548953e-03
980             	3.65516509e-03
981             	3.65555400e-03
982             	3.64473139e-03
983             	3.62883809e-03
984             	3.60644331e-03
985             	3.59253611e-03
986             	3.59685507e-03
987             	3.60848820e-03
988             	3.62350141e-03
989             	3.64419990e-03
990             	3.65944756e-03
991             	3.66280825e-03
992             	3.65099613e-03
993             	3.63449500e-03
994             	3.61764920e-03
995             	3.60502705e-03
996             	3.60850286e-03
997             	3.62921310e-03
998             	3.64286507e-03
999             	3.64944069e-03
1000            	3.64732915e-03
1001            	3.63894560e-03
1002            	3.64098199e-03
1003            	3.64039487e-03
1004            	3.64192578e-03
1005            	3.64747135e-03
1006            	3.64876292e-03
1007            	3.64157022e-03
1008            	3.64484777e-03
1009            	3.64862838e-03
1010            	3.65144943e-03
1011            	3.64147514e-03
1012            	3.62902525e-03
1013            	3.62082336e-03
1014            	3.61729618e-03
1015            	3.63111244e-03
1016            	3.64005613e-03
1017            	3.65378063e-03
1018            	3.66766754e-03
1019            	3.66947313e-03
1020            	3.65915557e-03
1021            	3.64231551e-03
1022            	3.64009409e-03
1023            	3.64988988e-03
1024            	3.66489837e-03
1025            	3.67379345e-03
1026            	3.66132552e-03
1027            	3.65356598e-03
1028            	3.64626959e-03
1029            	3.62982621e-03
1030            	3.61907748e-03
1031            	3.61703260e-03
1032            	3.64079101e-03
1033            	3.66591073e-03
1034            	3.67827768e-03
1035            	3.68455730e-03
1036            	3.68118788e-03
1037            	3.65532584e-03
1038            	3.64289899e-03
1039            	3.64934132e-03
1040            	3.65927107e-03
1041            	3.66050767e-03
1042            	3.66510021e-03
1043            	3.67202902e-03
1044            	3.68335326e-03
1045            	3.68647935e-03
1046            	3.67053316e-03
1047            	3.64858257e-03
1048            	3.63900041e-03
1049            	3.64129722e-03
1050            	3.66117119e-03
1051            	3.66827553e-03
1052            	3.65578006e-03
1053            	3.64551037e-03
1054            	3.64804606e-03
1055            	3.65188770e-03
1056            	3.66255776e-03
1057            	3.66848040e-03
1058            	3.66246143e-03
1059            	3.65998314e-03
1060            	3.66054683e-03
1061            	3.66291244e-03
1062            	3.66164930e-03
1063            	3.65051856e-03
1064            	3.64830917e-03
1065            	3.64469007e-03
1066            	3.65361710e-03
1067            	3.67385230e-03
1068            	3.69441135e-03
1069            	3.68156286e-03
1070            	3.65891675e-03
1071            	3.64549601e-03
1072            	3.64070116e-03
1073            	3.64682620e-03
1074            	3.66466146e-03
1075            	3.68749007e-03
1076            	3.69507697e-03
1077            	3.68619866e-03
1078            	3.66968009e-03
1079            	3.65144748e-03
1080            	3.64873729e-03
1081            	3.65628840e-03
1082            	3.67589223e-03
1083            	3.68935562e-03
1084            	3.67854529e-03
1085            	3.67008628e-03
1086            	3.66287037e-03
1087            	3.65103730e-03
1088            	3.65391255e-03
1089            	3.66712061e-03
1090            	3.68878680e-03
1091            	3.70862661e-03
1092            	3.70182219e-03
1093            	3.67803913e-03
1094            	3.66331029e-03
1095            	3.64915324e-03
1096            	3.65416503e-03
1097            	3.67240998e-03
1098            	3.68431798e-03
1099            	3.68834052e-03
1100            	3.68723123e-03
1101            	3.67684578e-03
1102            	3.67440253e-03
1103            	3.68149732e-03
1104            	3.68444537e-03
1105            	3.69265449e-03
1106            	3.68573466e-03
1107            	3.66829276e-03
1108            	3.67037887e-03
1109            	3.66662940e-03
1110            	3.66451884e-03
1111            	3.67299268e-03
1112            	3.68037334e-03
1113            	3.70026398e-03
1114            	3.71144395e-03
1115            	3.70569893e-03
1116            	3.69828413e-03
1117            	3.67463192e-03
1118            	3.65409298e-03
1119            	3.65139938e-03
1120            	3.66056901e-03
1121            	3.67466999e-03
1122            	3.69503243e-03
1123            	3.68669422e-03
1124            	3.67542715e-03
1125            	3.68660255e-03
1126            	3.69837849e-03
1127            	3.69456684e-03
1128            	3.68464138e-03
1129            	3.68270915e-03
1130            	3.67768147e-03
1131            	3.67488052e-03
1132            	3.68230662e-03
1133            	3.68568215e-03
1134            	3.69135201e-03
1135            	3.69335730e-03
1136            	3.67818450e-03
1137            	3.67035897e-03
1138            	3.68081152e-03
1139            	3.68394655e-03
1140            	3.68131626e-03
1141            	3.69016641e-03
1142            	3.69048239e-03
1143            	3.68684844e-03
1144            	3.68756653e-03
1145            	3.68803060e-03
1146            	3.68856953e-03
1147            	3.68888111e-03
1148            	3.67709769e-03
1149            	3.66666380e-03
1150            	3.66398036e-03
1151            	3.66227791e-03
1152            	3.65962427e-03
1153            	3.66074593e-03
1154            	3.66259228e-03
1155            	3.66883305e-03
1156            	3.69338870e-03
1157            	3.71374603e-03
1158            	3.71558532e-03
1159            	3.69682567e-03
1160            	3.68182426e-03
1161            	3.66731454e-03
1162            	3.65964563e-03
1163            	3.66116078e-03
1164            	3.67114194e-03
1165            	3.67829667e-03
1166            	3.67935777e-03
1167            	3.68017460e-03
1168            	3.67726532e-03
1169            	3.67616481e-03
1170            	3.68194378e-03
1171            	3.68710811e-03
1172            	3.69525359e-03
1173            	3.69591461e-03
1174            	3.69570854e-03
1175            	3.68305843e-03
1176            	3.68422024e-03
1177            	3.67819640e-03
1178            	3.67052817e-03
1179            	3.67101781e-03
1180            	3.66367550e-03
1181            	3.65917332e-03
1182            	3.68069951e-03
1183            	3.70990464e-03
1184            	3.73024736e-03
1185            	3.73120461e-03
1186            	3.71299097e-03
1187            	3.68090232e-03
1188            	3.65612834e-03
1189            	3.64930575e-03
1190            	3.64661233e-03
1191            	3.66299657e-03
1192            	3.68172858e-03
1193            	3.68857951e-03
1194            	3.68600436e-03
1195            	3.68738823e-03
1196            	3.68943969e-03
1197            	3.69345419e-03
1198            	3.69814659e-03
1199            	3.68624308e-03
1200            	3.68554654e-03
1201            	3.68638967e-03
1202            	3.68444369e-03
1203            	3.68413968e-03
1204            	3.68741977e-03
1205            	3.68583337e-03
1206            	3.69107355e-03
1207            	3.68039804e-03
1208            	3.67791221e-03
1209            	3.67150787e-03
1210            	3.67479663e-03
1211            	3.68695901e-03
1212            	3.69939633e-03
1213            	3.72065730e-03
1214            	3.71814180e-03
1215            	3.69487562e-03
1216            	3.68003758e-03
1217            	3.67218726e-03
1218            	3.68722797e-03
1219            	3.70340936e-03
1220            	3.70855454e-03
1221            	3.70390065e-03
1222            	3.69879146e-03
1223            	3.68761835e-03
1224            	3.68789770e-03
1225            	3.68808761e-03
1226            	3.69657980e-03
1227            	3.69477155e-03
1228            	3.68626411e-03
1229            	3.67512144e-03
1230            	3.67182067e-03
1231            	3.67572039e-03
1232            	3.67898953e-03
1233            	3.68166061e-03
1234            	3.69220175e-03
1235            	3.70500121e-03
1236            	3.70968845e-03
1237            	3.69475359e-03
1238            	3.69358721e-03
1239            	3.67577706e-03
1240            	3.67396258e-03
1241            	3.68739905e-03
1242            	3.68570241e-03
1243            	3.69057298e-03
1244            	3.69850674e-03
1245            	3.71047696e-03
1246            	3.71298998e-03
1247            	3.70478295e-03
1248            	3.68842086e-03
1249            	3.67688885e-03
1250            	3.66567132e-03
1251            	3.66615786e-03
1252            	3.68212457e-03
1253            	3.69658893e-03
1254            	3.70843628e-03
1255            	3.72226972e-03
1256            	3.71214694e-03
1257            	3.69666674e-03
1258            	3.68629144e-03
1259            	3.67970592e-03
1260            	3.67396411e-03
1261            	3.68110691e-03
1262            	3.69042162e-03
1263            	3.71015129e-03
1264            	3.71631143e-03
1265            	3.70280508e-03
1266            	3.69479101e-03
1267            	3.68298363e-03
1268            	3.67377888e-03
1269            	3.68319932e-03
1270            	3.69560530e-03
1271            	3.68917956e-03
1272            	3.69834358e-03
1273            	3.70889036e-03
1274            	3.70674703e-03
1275            	3.69098319e-03
1276            	3.68712183e-03
1277            	3.70053197e-03
1278            	3.71056851e-03
1279            	3.71220766e-03
1280            	3.70859406e-03
1281            	3.68594899e-03
1282            	3.67425060e-03
1283            	3.67892315e-03
1284            	3.67020979e-03
1285            	3.67908156e-03
1286            	3.69692369e-03
1287            	3.71333385e-03
1288            	3.70917333e-03
1289            	3.69699632e-03
1290            	3.68663855e-03
1291            	3.66609004e-03
1292            	3.65807297e-03
1293            	3.65996124e-03
1294            	3.68130932e-03
1295            	3.71499814e-03
1296            	3.73075667e-03
1297            	3.71827137e-03
1298            	3.70247621e-03
1299            	3.69702049e-03
1300            	3.68348758e-03
1301            	3.67853523e-03
1302            	3.67017400e-03
1303            	3.67268994e-03
1304            	3.67708353e-03
1305            	3.69059887e-03
1306            	3.71291491e-03
1307            	3.71716456e-03
1308            	3.69667678e-03
1309            	3.68842216e-03
1310            	3.69077769e-03
1311            	3.70161073e-03
1312            	3.69828582e-03
1313            	3.69181688e-03
1314            	3.69569863e-03
1315            	3.71275815e-03
1316            	3.72166684e-03
1317            	3.70825622e-03
1318            	3.70315248e-03
1319            	3.69396043e-03
1320            	3.68379763e-03
1321            	3.69135817e-03
1322            	3.70672328e-03
1323            	3.70790511e-03
1324            	3.69090815e-03
1325            	3.67856953e-03
1326            	3.67577587e-03
1327            	3.69267173e-03
1328            	3.71109208e-03
1329            	3.71008967e-03
1330            	3.70976516e-03
1331            	3.69048581e-03
1332            	3.66550011e-03
1333            	3.65793513e-03
1334            	3.67768452e-03
1335            	3.70182039e-03
1336            	3.71807330e-03
1337            	3.72797478e-03
1338            	3.72155814e-03
1339            	3.70883223e-03
1340            	3.70345031e-03
1341            	3.70411325e-03
1342            	3.69198482e-03
1343            	3.67512941e-03
1344            	3.67292345e-03
1345            	3.67422180e-03
1346            	3.67809164e-03
1347            	3.67519945e-03
1348            	3.68453869e-03
1349            	3.70255368e-03
1350            	3.71195418e-03
1351            	3.70505265e-03
1352            	3.70170704e-03
1353            	3.68917368e-03
1354            	3.67531898e-03
1355            	3.68029756e-03
1356            	3.69460752e-03
1357            	3.71173227e-03
1358            	3.72376400e-03
1359            	3.72668470e-03
1360            	3.70771247e-03
1361            	3.69915756e-03
1362            	3.69484179e-03
1363            	3.69888877e-03
1364            	3.68263172e-03
1365            	3.67550633e-03
1366            	3.68291638e-03
1367            	3.67311311e-03
1368            	3.68039045e-03
1369            	3.69455350e-03
1370            	3.70262493e-03
1371            	3.70703485e-03
1372            	3.69954717e-03
1373            	3.70487540e-03
1374            	3.70809970e-03
1375            	3.69834973e-03
1376            	3.70071454e-03
1377            	3.70508213e-03
1378            	3.70030806e-03
1379            	3.70327805e-03
1380            	3.70576902e-03
1381            	3.71210060e-03
1382            	3.72141655e-03
1383            	3.72753196e-03
1384            	3.70957023e-03
1385            	3.70074813e-03
1386            	3.70395619e-03
1387            	3.71057412e-03
1388            	3.70165273e-03
1389            	3.69226052e-03
1390            	3.68558706e-03
1391            	3.68369713e-03
1392            	3.68412873e-03
1393            	3.68993772e-03
1394            	3.70229359e-03
1395            	3.69973763e-03
1396            	3.68873187e-03
1397            	3.67126022e-03
1398            	3.67088926e-03
1399            	3.68637969e-03
1400            	3.71040550e-03
1401            	3.73538974e-03
1402            	3.72617461e-03
1403            	3.70978356e-03
1404            	3.69516916e-03
1405            	3.67662846e-03
1406            	3.67319778e-03
1407            	3.68640917e-03
1408            	3.69357823e-03
1409            	3.70634422e-03
1410            	3.71352080e-03
1411            	3.70729757e-03
1412            	3.70290177e-03
1413            	3.69434989e-03
1414            	3.69183488e-03
1415            	3.69441001e-03
1416            	3.70123442e-03
1417            	3.70442116e-03
1418            	3.70202927e-03
1419            	3.68615118e-03
1420            	3.68268295e-03
1421            	3.68686094e-03
1422            	3.70430511e-03
1423            	3.71221976e-03
1424            	3.70904359e-03
1425            	3.69578538e-03
1426            	3.69684535e-03
1427            	3.71107752e-03
1428            	3.71096869e-03
1429            	3.69693048e-03
1430            	3.68246214e-03
1431            	3.67559965e-03
1432            	3.68751879e-03
1433            	3.70379866e-03
1434            	3.70637784e-03
1435            	3.70907000e-03
1436            	3.69913188e-03
1437            	3.68754257e-03
1438            	3.69957583e-03
1439            	3.72464901e-03
1440            	3.73299446e-03
1441            	3.71652574e-03
1442            	3.69587639e-03
1443            	3.67339069e-03
1444            	3.66924769e-03
1445            	3.68037240e-03
1446            	3.69123454e-03
1447            	3.70000113e-03
1448            	3.70386226e-03
1449            	3.69310596e-03
1450            	3.69040275e-03
1451            	3.70178652e-03
1452            	3.70379207e-03
1453            	3.69668063e-03
1454            	3.70495769e-03
1455            	3.70630346e-03
1456            	3.71067648e-03
1457            	3.70702177e-03
1458            	3.69726715e-03
1459            	3.68342797e-03
1460            	3.67394295e-03
1461            	3.66517180e-03
1462            	3.67660774e-03
1463            	3.70047816e-03
1464            	3.72320032e-03
1465            	3.71908026e-03
1466            	3.71481748e-03
1467            	3.70219795e-03
1468            	3.69396142e-03
1469            	3.69986923e-03
1470            	3.70229020e-03
1471            	3.69304203e-03
1472            	3.68738613e-03
1473            	3.68738643e-03
1474            	3.67443752e-03
1475            	3.68179032e-03
1476            	3.69299040e-03
1477            	3.71021845e-03
1478            	3.71711439e-03
1479            	3.71232169e-03
1480            	3.70224614e-03
1481            	3.68947037e-03
1482            	3.67968470e-03
1483            	3.68093832e-03
1484            	3.68702632e-03
1485            	3.69698742e-03
1486            	3.70592407e-03
1487            	3.70690266e-03
1488            	3.71060720e-03
1489            	3.70565937e-03
1490            	3.69361143e-03
1491            	3.67449259e-03
1492            	3.65155880e-03
1493            	3.64904390e-03
1494            	3.66996227e-03
1495            	3.69796945e-03
1496            	3.70925348e-03
1497            	3.71530187e-03
1498            	3.70984906e-03
1499            	3.69580188e-03
1500            	3.69187315e-03
1501            	3.68152696e-03
1502            	3.68478805e-03
1503            	3.70203148e-03
1504            	3.71607866e-03
1505            	3.71657675e-03
1506            	3.70641887e-03
1507            	3.69124142e-03
1508            	3.67774280e-03
1509            	3.66914810e-03
1510            	3.67580764e-03
1511            	3.69032277e-03
1512            	3.69630059e-03
1513            	3.70358190e-03
1514            	3.72483219e-03
1515            	3.72242766e-03
1516            	3.70553108e-03
1517            	3.69410536e-03
1518            	3.69674195e-03
1519            	3.68778023e-03
1520            	3.68096086e-03
1521            	3.67575865e-03
1522            	3.68377575e-03
1523            	3.69952678e-03
1524            	3.71250715e-03
1525            	3.71655972e-03
1526            	3.70644001e-03
1527            	3.69535701e-03
1528            	3.68428613e-03
1529            	3.69052846e-03
1530            	3.70284897e-03
1531            	3.71451108e-03
1532            	3.72371659e-03
1533            	3.73122793e-03
1534            	3.72873884e-03
1535            	3.69998174e-03
1536            	3.68025610e-03
1537            	3.67439018e-03
1538            	3.67426762e-03
1539            	3.68282322e-03
1540            	3.70498392e-03
1541            	3.72387046e-03
1542            	3.73114631e-03
1543            	3.72286132e-03
1544            	3.69732385e-03
1545            	3.68272984e-03
1546            	3.67485759e-03
1547            	3.66866268e-03
1548            	3.67222412e-03
1549            	3.68675064e-03
1550            	3.70021160e-03
1551            	3.70622997e-03
1552            	3.70738153e-03
1553            	3.70311132e-03
1554            	3.69216450e-03
1555            	3.68250413e-03
1556            	3.68123494e-03
1557            	3.68013301e-03
1558            	3.68005242e-03
1559            	3.68665956e-03
1560            	3.69318383e-03
1561            	3.71133702e-03
1562            	3.71885363e-03
1563            	3.70664492e-03
1564            	3.69827273e-03
1565            	3.68484368e-03
1566            	3.68784531e-03
1567            	3.70208852e-03
1568            	3.71153857e-03
1569            	3.71256274e-03
1570            	3.71400267e-03
1571            	3.70482019e-03
1572            	3.69080969e-03
1573            	3.69488955e-03
1574            	3.70858650e-03
1575            	3.71410709e-03
1576            	3.70564429e-03
1577            	3.70250286e-03
1578            	3.70186309e-03
1579            	3.69453484e-03
1580            	3.70046691e-03
1581            	3.69942976e-03
1582            	3.69515245e-03
1583            	3.70233276e-03
1584            	3.70717368e-03
1585            	3.70196487e-03
1586            	3.69588440e-03
1587            	3.68890328e-03
1588            	3.68343887e-03
1589            	3.68002794e-03
1590            	3.68729155e-03
1591            	3.69310013e-03
1592            	3.69193740e-03
1593            	3.70176526e-03
1594            	3.71980344e-03
1595            	3.71664494e-03
1596            	3.70388629e-03
1597            	3.69000795e-03
1598            	3.68462603e-03
1599            	3.68836038e-03
1600            	3.69758010e-03
1601            	3.71244360e-03
1602            	3.72754115e-03
1603            	3.72365669e-03
1604            	3.70977196e-03
1605            	3.69005764e-03
1606            	3.67230790e-03
1607            	3.67318183e-03
1608            	3.69549639e-03
1609            	3.71742552e-03
1610            	3.71709393e-03
1611            	3.70087695e-03
1612            	3.68579427e-03
1613            	3.68316214e-03
1614            	3.67549243e-03
1615            	3.68101210e-03
1616            	3.68787366e-03
1617            	3.68641154e-03
1618            	3.69154528e-03
1619            	3.70483917e-03
1620            	3.71096615e-03
1621            	3.71281524e-03
1622            	3.70396038e-03
1623            	3.70523786e-03
1624            	3.69918410e-03
1625            	3.69810569e-03
1626            	3.70407232e-03
1627            	3.70799435e-03
1628            	3.71232301e-03
1629            	3.72194471e-03
1630            	3.72188653e-03
1631            	3.71750938e-03
1632            	3.71028797e-03
1633            	3.69904540e-03
1634            	3.69817617e-03
1635            	3.69060216e-03
1636            	3.67622617e-03
1637            	3.68077669e-03
1638            	3.70075014e-03
1639            	3.70271802e-03
1640            	3.69368305e-03
1641            	3.68971187e-03
1642            	3.68546655e-03
1643            	3.68477170e-03
1644            	3.69937617e-03
1645            	3.70967497e-03
1646            	3.71148295e-03
1647            	3.71122851e-03
1648            	3.71620781e-03
1649            	3.71660259e-03
1650            	3.69807485e-03
1651            	3.69945502e-03
1652            	3.71716808e-03
1653            	3.72241774e-03
1654            	3.71017697e-03
1655            	3.70689748e-03
1656            	3.69776337e-03
1657            	3.69488481e-03
1658            	3.69775841e-03
1659            	3.69445507e-03
1660            	3.69740353e-03
1661            	3.71014208e-03
1662            	3.71341880e-03
1663            	3.69929938e-03
1664            	3.68170610e-03
1665            	3.68104320e-03
1666            	3.67761184e-03
1667            	3.68025506e-03
1668            	3.69496149e-03
1669            	3.70254422e-03
1670            	3.71680552e-03
1671            	3.72143095e-03
1672            	3.71235398e-03
1673            	3.70519829e-03
1674            	3.70361909e-03
1675            	3.70603880e-03
1676            	3.71560978e-03
1677            	3.70436333e-03
1678            	3.69436272e-03
1679            	3.69028186e-03
1680            	3.68714722e-03
1681            	3.69253010e-03
1682            	3.70597164e-03
1683            	3.71869125e-03
1684            	3.72795297e-03
1685            	3.71097191e-03
1686            	3.69114252e-03
1687            	3.67618844e-03
1688            	3.66198954e-03
1689            	3.67368739e-03
1690            	3.69913365e-03
1691            	3.70994332e-03
1692            	3.69749799e-03
1693            	3.68647515e-03
1694            	3.67603787e-03
1695            	3.66897531e-03
1696            	3.68334838e-03
1697            	3.70548279e-03
1698            	3.72684718e-03
1699            	3.73451131e-03
1700            	3.72967076e-03
1701            	3.71391217e-03
1702            	3.69995263e-03
1703            	3.68316919e-03
1704            	3.68563090e-03
1705            	3.69763678e-03
1706            	3.69442700e-03
1707            	3.69259705e-03
1708            	3.69063117e-03
1709            	3.70254153e-03
1710            	3.70501252e-03
1711            	3.69567287e-03
1712            	3.70618735e-03
1713            	3.70892393e-03
1714            	3.70517797e-03
1715            	3.71970595e-03
1716            	3.72232667e-03
1717            	3.71225997e-03
1718            	3.70687993e-03
1719            	3.70347925e-03
1720            	3.69316310e-03
1721            	3.68230352e-03
1722            	3.68873229e-03
1723            	3.68433862e-03
1724            	3.68927978e-03
1725            	3.69404444e-03
1726            	3.70158512e-03
1727            	3.70250909e-03
1728            	3.70434464e-03
1729            	3.70072174e-03
1730            	3.70044546e-03
1731            	3.70590201e-03
1732            	3.70667733e-03
1733            	3.70486102e-03
1734            	3.69797679e-03
1735            	3.68778503e-03
1736            	3.69509958e-03
1737            	3.70753955e-03
1738            	3.71858472e-03
1739            	3.72061322e-03
1740            	3.70832069e-03
1741            	3.68876711e-03
1742            	3.68361208e-03
1743            	3.68289815e-03
1744            	3.68979002e-03
1745            	3.69974052e-03
1746            	3.71203476e-03
1747            	3.71339928e-03
1748            	3.70113682e-03
1749            	3.69133241e-03
1750            	3.67970189e-03
1751            	3.67895717e-03
1752            	3.68724952e-03
1753            	3.70983004e-03
1754            	3.72854335e-03
1755            	3.73095452e-03
1756            	3.71852389e-03
1757            	3.70108690e-03
1758            	3.68317853e-03
1759            	3.67868936e-03
1760            	3.68075685e-03
1761            	3.69503084e-03
1762            	3.69751719e-03
1763            	3.69539147e-03
1764            	3.69341363e-03
1765            	3.68774690e-03
1766            	3.68861529e-03
1767            	3.69367240e-03
1768            	3.69360727e-03
1769            	3.69097895e-03
1770            	3.68817258e-03
1771            	3.69600724e-03
1772            	3.69292381e-03
1773            	3.69610614e-03
1774            	3.69906103e-03
1775            	3.70982378e-03
1776            	3.71774551e-03
1777            	3.72123325e-03
1778            	3.71551453e-03
1779            	3.70563895e-03
1780            	3.68846854e-03
1781            	3.68753551e-03
1782            	3.69401668e-03
1783            	3.69415019e-03
1784            	3.69789501e-03
1785            	3.70420721e-03
1786            	3.69277193e-03
1787            	3.68459618e-03
1788            	3.68546244e-03
1789            	3.68611542e-03
1790            	3.68310608e-03
1791            	3.68108396e-03
1792            	3.68103394e-03
1793            	3.69179043e-03
1794            	3.69597254e-03
1795            	3.70178580e-03
1796            	3.70815026e-03
1797            	3.70881359e-03
1798            	3.69154129e-03
1799            	3.68954709e-03
1800            	3.69918969e-03
1801            	3.68829726e-03
1802            	3.67768505e-03
1803            	3.69551319e-03
1804            	3.71429987e-03
1805            	3.71298614e-03
1806            	3.70342442e-03
1807            	3.69278849e-03
1808            	3.68597655e-03
1809            	3.69111240e-03
1810            	3.70104487e-03
1811            	3.69240500e-03
1812            	3.69028145e-03
1813            	3.69080516e-03
1814            	3.70454973e-03
1815            	3.71338182e-03
1816            	3.71172551e-03
1817            	3.71451648e-03
1818            	3.70795350e-03
1819            	3.70176863e-03
1820            	3.69444318e-03
1821            	3.66535170e-03
1822            	3.66213429e-03
1823            	3.67128089e-03
1824            	3.69110278e-03
1825            	3.70205147e-03
1826            	3.69913168e-03
1827            	3.70096356e-03
1828            	3.70602685e-03
1829            	3.71127582e-03
1830            	3.71694535e-03
1831            	3.71087125e-03
1832            	3.70017584e-03
1833            	3.69134554e-03
1834            	3.69114561e-03
1835            	3.68836075e-03
1836            	3.69393584e-03
1837            	3.69951673e-03
1838            	3.70264041e-03
1839            	3.69193217e-03
1840            	3.68933252e-03
1841            	3.68625205e-03
1842            	3.68694125e-03
1843            	3.69110844e-03
1844            	3.69699906e-03
1845            	3.71548557e-03
1846            	3.71800967e-03
1847            	3.70392849e-03
1848            	3.69290126e-03
1849            	3.69712548e-03
1850            	3.70183280e-03
1851            	3.70537770e-03
1852            	3.70670132e-03
1853            	3.72116436e-03
1854            	3.72916807e-03
1855            	3.72603966e-03
1856            	3.72028081e-03
1857            	3.69525243e-03
1858            	3.68646333e-03
1859            	3.68435148e-03
1860            	3.68268031e-03
1861            	3.68181743e-03
1862            	3.68916566e-03
1863            	3.69118228e-03
1864            	3.70201128e-03
1865            	3.71007813e-03
1866            	3.71196815e-03
1867            	3.70810480e-03
1868            	3.69895702e-03
1869            	3.69951974e-03
1870            	3.70451120e-03
1871            	3.70890394e-03
1872            	3.70714842e-03
1873            	3.69771421e-03
1874            	3.69235361e-03
1875            	3.69727107e-03
1876            	3.70824630e-03
1877            	3.71746272e-03
1878            	3.71321735e-03
1879            	3.70760757e-03
1880            	3.69859554e-03
1881            	3.68712484e-03
1882            	3.69088318e-03
1883            	3.70020319e-03
1884            	3.70858964e-03
1885            	3.72111480e-03
1886            	3.73358255e-03
1887            	3.71673220e-03
1888            	3.70073826e-03
1889            	3.69431318e-03
1890            	3.68148593e-03
1891            	3.68632506e-03
1892            	3.69664436e-03
1893            	3.70804243e-03
1894            	3.71777553e-03
1895            	3.71806874e-03
1896            	3.70335298e-03
1897            	3.68799874e-03
1898            	3.68603031e-03
1899            	3.69699861e-03
1900            	3.70874627e-03
1901            	3.70557072e-03
1902            	3.70873896e-03
1903            	3.71147510e-03
1904            	3.70478556e-03
1905            	3.70011811e-03
1906            	3.69577914e-03
1907            	3.69150674e-03
1908            	3.69252551e-03
1909            	3.69972370e-03
1910            	3.69092241e-03
1911            	3.69215514e-03
1912            	3.70557528e-03
1913            	3.70545662e-03
1914            	3.70477613e-03
1915            	3.70738169e-03
1916            	3.70807462e-03
1917            	3.69892946e-03
1918            	3.69297267e-03
1919            	3.70438549e-03
1920            	3.71256239e-03
1921            	3.71108019e-03
1922            	3.70171404e-03
1923            	3.69114105e-03
1924            	3.67544432e-03
1925            	3.66744751e-03
1926            	3.66999559e-03
1927            	3.68650414e-03
1928            	3.69792482e-03
1929            	3.68891688e-03
1930            	3.68817720e-03
1931            	3.69529567e-03
1932            	3.70540764e-03
1933            	3.70799221e-03
1934            	3.70483449e-03
1935            	3.69105463e-03
1936            	3.67766494e-03
1937            	3.68089110e-03
1938            	3.69073560e-03
1939            	3.71139310e-03
1940            	3.72272540e-03
1941            	3.71256918e-03
1942            	3.70500397e-03
1943            	3.69969032e-03
1944            	3.69686422e-03
1945            	3.70319048e-03
1946            	3.70673215e-03
1947            	3.70040249e-03
1948            	3.69349552e-03
1949            	3.68802796e-03
1950            	3.68588834e-03
1951            	3.68572190e-03
1952            	3.69590842e-03
1953            	3.69555398e-03
1954            	3.70220893e-03
1955            	3.71116715e-03
1956            	3.71781907e-03
1957            	3.69987915e-03
1958            	3.69411468e-03
1959            	3.70010788e-03
1960            	3.70452747e-03
1961            	3.69912015e-03
1962            	3.69088154e-03
1963            	3.69215111e-03
1964            	3.68452750e-03
1965            	3.67720331e-03
1966            	3.68378663e-03
1967            	3.69410043e-03
1968            	3.70817679e-03
1969            	3.70629773e-03
1970            	3.69537972e-03
1971            	3.70154612e-03
1972            	3.70411955e-03
1973            	3.69607884e-03
1974            	3.70289584e-03
1975            	3.69954279e-03
1976            	3.69180864e-03
1977            	3.68377114e-03
1978            	3.67771568e-03
1979            	3.68336366e-03
1980            	3.70052196e-03
1981            	3.71130021e-03
1982            	3.72482853e-03
1983            	3.71814975e-03
1984            	3.69741845e-03
1985            	3.68366594e-03
1986            	3.67291481e-03
1987            	3.68282056e-03
1988            	3.71067300e-03
1989            	3.72100536e-03
1990            	3.72717225e-03
1991            	3.72483757e-03
1992            	3.70321341e-03
1993            	3.68714388e-03
1994            	3.68809065e-03
1995            	3.68697172e-03
1996            	3.68354999e-03
1997            	3.68443568e-03
1998            	3.69359494e-03
1999            	3.69921546e-03
2000            	3.71074319e-03
2001            	3.72416748e-03
2002            	3.72129105e-03
2003            	3.69895890e-03
2004            	3.67904889e-03
2005            	3.67157639e-03
2006            	3.67488354e-03
2007            	3.68920098e-03
2008            	3.70821925e-03
2009            	3.71049317e-03
2010            	3.70774832e-03
2011            	3.71014667e-03
2012            	3.69845068e-03
2013            	3.68850484e-03
2014            	3.68356463e-03
2015            	3.68824755e-03
2016            	3.69346399e-03
2017            	3.69602911e-03
2018            	3.70608424e-03
2019            	3.71099043e-03
2020            	3.70186142e-03
2021            	3.69073628e-03
2022            	3.68809580e-03
2023            	3.69436213e-03
2024            	3.71445717e-03
2025            	3.72799759e-03
2026            	3.71673658e-03
2027            	3.70665497e-03
2028            	3.69585699e-03
2029            	3.68819434e-03
2030            	3.68228622e-03
2031            	3.68099523e-03
2032            	3.68882250e-03
2033            	3.69786404e-03
2034            	3.71189537e-03
2035            	3.71750530e-03
2036            	3.71824516e-03
2037            	3.72567648e-03
2038            	3.71434533e-03
2039            	3.69188568e-03
2040            	3.68948968e-03
2041            	3.68796725e-03
2042            	3.70007027e-03
2043            	3.71265454e-03
2044            	3.73108362e-03
2045            	3.72459582e-03
2046            	3.69708162e-03
2047            	3.68488396e-03
2048            	3.68755509e-03
2049            	3.68982530e-03
2050            	3.69885702e-03
2051            	3.70330934e-03
2052            	3.70897824e-03
2053            	3.72127851e-03
2054            	3.71195165e-03
2055            	3.70597430e-03
2056            	3.68951730e-03
2057            	3.67386563e-03
2058            	3.68231952e-03
2059            	3.70158114e-03
2060            	3.71424645e-03
2061            	3.72505361e-03
2062            	3.72846123e-03
2063            	3.71889023e-03
2064            	3.70841151e-03
2065            	3.70669017e-03
2066            	3.69341733e-03
2067            	3.67886753e-03
2068            	3.68064628e-03
2069            	3.69481528e-03
2070            	3.70901216e-03
2071            	3.71088448e-03
2072            	3.70258955e-03
2073            	3.69312486e-03
2074            	3.68965032e-03
2075            	3.68565802e-03
2076            	3.68462406e-03
2077            	3.69310725e-03
2078            	3.70930422e-03
2079            	3.71303173e-03
2080            	3.72047309e-03
2081            	3.72199827e-03
2082            	3.71805753e-03
2083            	3.70258673e-03
2084            	3.70077223e-03
2085            	3.69991642e-03
2086            	3.71316921e-03
2087            	3.72349322e-03
2088            	3.71217108e-03
2089            	3.70672540e-03
2090            	3.70810927e-03
2091            	3.69700303e-03
2092            	3.68330724e-03
2093            	3.69166359e-03
2094            	3.69727313e-03
2095            	3.70891279e-03
2096            	3.72264227e-03
2097            	3.71945909e-03
2098            	3.69176690e-03
2099            	3.66782698e-03
2100            	3.67563424e-03
2101            	3.68829947e-03
2102            	3.70875700e-03
2103            	3.71226044e-03
2104            	3.70807047e-03
2105            	3.70434002e-03
2106            	3.70194446e-03
2107            	3.69115745e-03
2108            	3.68489568e-03
2109            	3.69137666e-03
2110            	3.69915690e-03
2111            	3.70351138e-03
2112            	3.71666904e-03
2113            	3.72970541e-03
2114            	3.72310908e-03
2115            	3.71191167e-03
2116            	3.69963963e-03
2117            	3.69895456e-03
2118            	3.70837184e-03
2119            	3.71451906e-03
2120            	3.71410785e-03
2121            	3.69690703e-03
2122            	3.69087505e-03
2123            	3.68226229e-03
2124            	3.66968759e-03
2125            	3.66197927e-03
2126            	3.67405961e-03
2127            	3.70315702e-03
2128            	3.72167428e-03
2129            	3.71960991e-03
2130            	3.71564495e-03
2131            	3.70559043e-03
2132            	3.69468167e-03
2133            	3.69881450e-03
2134            	3.70417780e-03
2135            	3.69339303e-03
2136            	3.69072269e-03
2137            	3.68456052e-03
2138            	3.69111578e-03
2139            	3.70303199e-03
2140            	3.70888094e-03
2141            	3.69569164e-03
2142            	3.69343176e-03
2143            	3.69242243e-03
2144            	3.69865139e-03
2145            	3.71220381e-03
2146            	3.71527161e-03
2147            	3.71730207e-03
2148            	3.70659625e-03
2149            	3.69191433e-03
2150            	3.69646674e-03
2151            	3.69844906e-03
2152            	3.70219905e-03
2153            	3.71333060e-03
2154            	3.71987510e-03
2155            	3.71616381e-03
2156            	3.71095607e-03
2157            	3.70718250e-03
2158            	3.70539847e-03
2159            	3.69691208e-03
2160            	3.69325158e-03
2161            	3.69126028e-03
2162            	3.70014413e-03
2163            	3.71289181e-03
2164            	3.71596999e-03
2165            	3.70718402e-03
2166            	3.70064087e-03
2167            	3.70042240e-03
2168            	3.68738921e-03
2169            	3.67545132e-03
2170            	3.66990582e-03
2171            	3.67519636e-03
2172            	3.68643124e-03
2173            	3.69938369e-03
2174            	3.71432879e-03
2175            	3.72765646e-03
2176            	3.72096549e-03
2177            	3.70279997e-03
2178            	3.69817952e-03
2179            	3.68599441e-03
2180            	3.68435531e-03
2181            	3.70167786e-03
2182            	3.71643606e-03
2183            	3.71428522e-03
2184            	3.71185629e-03
2185            	3.70207765e-03
2186            	3.71128980e-03
2187            	3.72350649e-03
2188            	3.71261797e-03
2189            	3.70516288e-03
2190            	3.69200928e-03
2191            	3.68847496e-03
2192            	3.69066020e-03
2193            	3.67844086e-03
2194            	3.67945241e-03
2195            	3.70345477e-03
2196            	3.71847941e-03
2197            	3.71159892e-03
2198            	3.70997237e-03
2199            	3.71103188e-03
2200            	3.71149712e-03
2201            	3.71065244e-03
2202            	3.69148137e-03
2203            	3.68654157e-03
2204            	3.69794780e-03
2205            	3.70188485e-03
2206            	3.71150814e-03
2207            	3.71814152e-03
2208            	3.71928154e-03
2209            	3.71348998e-03
2210            	3.70789479e-03
2211            	3.71281318e-03
2212            	3.71604547e-03
2213            	3.71479278e-03
2214            	3.72338082e-03
2215            	3.72745797e-03
2216            	3.70303286e-03
2217            	3.68343844e-03
2218            	3.68274921e-03
2219            	3.68046939e-03
2220            	3.69923416e-03
2221            	3.71644197e-03
2222            	3.70580839e-03
2223            	3.70120274e-03
2224            	3.69598976e-03
2225            	3.69844363e-03
2226            	3.70433184e-03
2227            	3.69877554e-03
2228            	3.68666173e-03
2229            	3.68576837e-03
2230            	3.69234639e-03
2231            	3.69783056e-03
2232            	3.69885129e-03
2233            	3.70349922e-03
2234            	3.71626654e-03
2235            	3.71829809e-03
2236            	3.70584592e-03
2237            	3.69486919e-03
2238            	3.68858640e-03
2239            	3.68656005e-03
2240            	3.69043808e-03
2241            	3.69941424e-03
2242            	3.70388458e-03
2243            	3.70633931e-03
2244            	3.69357000e-03
2245            	3.68519880e-03
2246            	3.69477534e-03
2247            	3.70992082e-03
2248            	3.71098916e-03
2249            	3.70272874e-03
2250            	3.68762580e-03
2251            	3.68944556e-03
2252            	3.71665161e-03
2253            	3.73164800e-03
2254            	3.72695692e-03
2255            	3.72463346e-03
2256            	3.71716108e-03
2257            	3.70735537e-03
2258            	3.69875222e-03
2259            	3.69191975e-03
2260            	3.69360353e-03
2261            	3.68636470e-03
2262            	3.67693134e-03
2263            	3.67876141e-03
2264            	3.69072139e-03
2265            	3.70706512e-03
2266            	3.72605111e-03
2267            	3.72358895e-03
2268            	3.71423071e-03
2269            	3.69493438e-03
2270            	3.67564367e-03
2271            	3.67181094e-03
2272            	3.67321161e-03
2273            	3.68686659e-03
2274            	3.70793514e-03
2275            	3.71297084e-03
2276            	3.71208194e-03
2277            	3.70665699e-03
2278            	3.68852570e-03
2279            	3.68688139e-03
2280            	3.69074320e-03
2281            	3.69664937e-03
2282            	3.70463499e-03
2283            	3.70972181e-03
2284            	3.70831451e-03
2285            	3.70453802e-03
2286            	3.69179382e-03
2287            	3.69009691e-03
2288            	3.70100965e-03
2289            	3.70433372e-03
2290            	3.70065205e-03
2291            	3.68578989e-03
2292            	3.67940506e-03
2293            	3.68927926e-03
2294            	3.70478055e-03
2295            	3.71553658e-03
2296            	3.71048072e-03
2297            	3.69934214e-03
2298            	3.69278339e-03
2299            	3.68300470e-03
2300            	3.67861156e-03
2301            	3.67719144e-03
2302            	3.67728282e-03
2303            	3.67658549e-03
2304            	3.68652262e-03
2305            	3.69382892e-03
2306            	3.69849194e-03
2307            	3.70243472e-03
2308            	3.70757764e-03
2309            	3.70385663e-03
2310            	3.70049252e-03
2311            	3.69697970e-03
2312            	3.68590608e-03
2313            	3.68561133e-03
2314            	3.68587992e-03
2315            	3.68932652e-03
2316            	3.70086687e-03
2317            	3.70779607e-03
2318            	3.70654579e-03
2319            	3.69128573e-03
2320            	3.68279122e-03
2321            	3.68651863e-03
2322            	3.69137722e-03
2323            	3.70121394e-03
2324            	3.70558972e-03
2325            	3.70735514e-03
2326            	3.70981142e-03
2327            	3.71163837e-03
2328            	3.69512435e-03
2329            	3.68367153e-03
2330            	3.69002805e-03
2331            	3.68351786e-03
2332            	3.67603912e-03
2333            	3.68591853e-03
2334            	3.68892177e-03
2335            	3.68803238e-03
2336            	3.70046838e-03
2337            	3.69898591e-03
2338            	3.69903274e-03
2339            	3.70332236e-03
2340            	3.68990304e-03
2341            	3.68774684e-03
2342            	3.70186658e-03
2343            	3.70608703e-03
2344            	3.70718019e-03
2345            	3.71221220e-03
2346            	3.71543643e-03
2347            	3.70917962e-03
2348            	3.70395815e-03
2349            	3.67665204e-03
2350            	3.66520128e-03
2351            	3.67024911e-03
2352            	3.67641911e-03
2353            	3.68474714e-03
2354            	3.69701189e-03
2355            	3.70682535e-03
2356            	3.71191254e-03
2357            	3.70055379e-03
2358            	3.70575379e-03
2359            	3.72400279e-03
2360            	3.71727768e-03
2361            	3.70671882e-03
2362            	3.70474650e-03
2363            	3.69419705e-03
2364            	3.69635493e-03
2365            	3.71039118e-03
2366            	3.70870070e-03
2367            	3.69220739e-03
2368            	3.68228182e-03
2369            	3.67762896e-03
2370            	3.68537234e-03
2371            	3.69955542e-03
2372            	3.71259708e-03
2373            	3.71785612e-03
2374            	3.71764171e-03
2375            	3.71177070e-03
2376            	3.70088277e-03
2377            	3.69404847e-03
2378            	3.69232376e-03
2379            	3.69533159e-03
2380            	3.69394682e-03
2381            	3.69637162e-03
2382            	3.68914377e-03
2383            	3.69086100e-03
2384            	3.69668722e-03
2385            	3.69313582e-03
2386            	3.69753393e-03
2387            	3.70682135e-03
2388            	3.72098030e-03
2389            	3.72298734e-03
2390            	3.71543103e-03
2391            	3.70053601e-03
2392            	3.69144022e-03
2393            	3.68638926e-03
2394            	3.68993757e-03
2395            	3.68787472e-03
2396            	3.68388044e-03
2397            	3.69341931e-03
2398            	3.70927871e-03
2399            	3.71115381e-03
2400            	3.69752570e-03
2401            	3.68430175e-03
2402            	3.68127922e-03
2403            	3.68082240e-03
2404            	3.69308410e-03
2405            	3.69986842e-03
2406            	3.69936933e-03
2407            	3.70249803e-03
2408            	3.71576220e-03
2409            	3.71475580e-03
2410            	3.70457129e-03
2411            	3.69844077e-03
2412            	3.68467647e-03
2413            	3.69035649e-03
2414            	3.69250546e-03
2415            	3.68857855e-03
2416            	3.68625013e-03
2417            	3.68264741e-03
2418            	3.69632166e-03
2419            	3.70636230e-03
2420            	3.70661066e-03
2421            	3.71408240e-03
2422            	3.71681370e-03
2423            	3.71178620e-03
2424            	3.70122369e-03
2425            	3.67763995e-03
2426            	3.67493986e-03
2427            	3.68749671e-03
2428            	3.70146855e-03
2429            	3.70575565e-03
2430            	3.70313863e-03
2431            	3.69383680e-03
2432            	3.69353213e-03
2433            	3.69313666e-03
2434            	3.69208399e-03
2435            	3.70277760e-03
2436            	3.70486579e-03
2437            	3.69594326e-03
2438            	3.69895798e-03
2439            	3.70013518e-03
2440            	3.69716482e-03
2441            	3.68479188e-03
2442            	3.67958166e-03
2443            	3.68162152e-03
2444            	3.69624595e-03
2445            	3.70899197e-03
2446            	3.71507414e-03
2447            	3.70947356e-03
2448            	3.69744872e-03
2449            	3.69644272e-03
2450            	3.70424785e-03
2451            	3.69891378e-03
2452            	3.70259830e-03
2453            	3.70320161e-03
2454            	3.69710228e-03
2455            	3.69193629e-03
2456            	3.69248481e-03
2457            	3.69404158e-03
2458            	3.69105781e-03
2459            	3.69750072e-03
2460            	3.71429695e-03
2461            	3.70774259e-03
2462            	3.69490689e-03
2463            	3.70433576e-03
2464            	3.71188151e-03
2465            	3.70822391e-03
2466            	3.70023871e-03
2467            	3.69328889e-03
2468            	3.67833180e-03
2469            	3.66719174e-03
2470            	3.67290488e-03
2471            	3.68929457e-03
2472            	3.70205486e-03
2473            	3.70310929e-03
2474            	3.69631292e-03
2475            	3.69270463e-03
2476            	3.69555808e-03
2477            	3.69149166e-03
2478            	3.69368065e-03
2479            	3.69873620e-03
2480            	3.69551233e-03
2481            	3.68796235e-03
2482            	3.69036297e-03
2483            	3.69581809e-03
2484            	3.70860500e-03
2485            	3.71085238e-03
2486            	3.71562648e-03
2487            	3.71210234e-03
2488            	3.69963020e-03
2489            	3.69760867e-03
2490            	3.69735366e-03
2491            	3.68318837e-03
2492            	3.66923116e-03
2493            	3.68474155e-03
2494            	3.70409712e-03
2495            	3.71113057e-03
2496            	3.70512351e-03
2497            	3.70705163e-03
2498            	3.70930963e-03
2499            	3.70280488e-03
2500            	3.69437808e-03
2501            	3.68685132e-03
2502            	3.69181596e-03
2503            	3.68972121e-03
2504            	3.69426700e-03
2505            	3.69578372e-03
2506            	3.70570349e-03
2507            	3.70121816e-03
2508            	3.69248313e-03
2509            	3.68510735e-03
2510            	3.68715276e-03
2511            	3.68562651e-03
2512            	3.69871469e-03
2513            	3.69584843e-03
2514            	3.69334157e-03
2515            	3.70013565e-03
2516            	3.69426823e-03
2517            	3.69365024e-03
2518            	3.69737365e-03
2519            	3.69155667e-03
2520            	3.68520117e-03
2521            	3.69681715e-03
2522            	3.71632634e-03
2523            	3.71850747e-03
2524            	3.72094490e-03
2525            	3.71609249e-03
2526            	3.71296579e-03
2527            	3.70977977e-03
2528            	3.69599295e-03
2529            	3.68242763e-03
2530            	3.68592930e-03
2531            	3.69220351e-03
2532            	3.69451105e-03
2533            	3.70251107e-03
2534            	3.70539535e-03
2535            	3.69895208e-03
2536            	3.68121461e-03
2537            	3.67309303e-03
2538            	3.66485893e-03
2539            	3.66586501e-03
2540            	3.67926243e-03
2541            	3.69616544e-03
2542            	3.71252016e-03
2543            	3.71352916e-03
2544            	3.70079335e-03
2545            	3.69634178e-03
2546            	3.70447936e-03
2547            	3.70888829e-03
2548            	3.70402911e-03
2549            	3.70466059e-03
2550            	3.69621424e-03
2551            	3.68104057e-03
2552            	3.68110786e-03
2553            	3.67890110e-03
2554            	3.68836808e-03
2555            	3.71103945e-03
2556            	3.73092596e-03
2557            	3.73670071e-03
2558            	3.73192335e-03
2559            	3.71215185e-03
2560            	3.68054540e-03
2561            	3.66839703e-03
2562            	3.66998063e-03
2563            	3.68000834e-03
2564            	3.70532514e-03
2565            	3.72129323e-03
2566            	3.71852583e-03
2567            	3.72077915e-03
2568            	3.71093483e-03
2569            	3.69829460e-03
2570            	3.68507834e-03
2571            	3.69399225e-03
2572            	3.70399708e-03
2573            	3.69400716e-03
2574            	3.68635006e-03
2575            	3.68224471e-03
2576            	3.69157793e-03
2577            	3.70071017e-03
2578            	3.71034212e-03
2579            	3.71965304e-03
2580            	3.71874189e-03
2581            	3.70460912e-03
2582            	3.68782345e-03
2583            	3.68750808e-03
2584            	3.70939669e-03
2585            	3.72738556e-03
2586            	3.72293794e-03
2587            	3.70965272e-03
2588            	3.70771380e-03
2589            	3.70189776e-03
2590            	3.69543811e-03
2591            	3.69513042e-03
2592            	3.69111151e-03
2593            	3.69224760e-03
2594            	3.70348966e-03
2595            	3.70950404e-03
2596            	3.70020626e-03
2597            	3.70277443e-03
2598            	3.69517024e-03
2599            	3.69186537e-03
2600            	3.69869768e-03
2601            	3.71110743e-03
2602            	3.70563795e-03
2603            	3.68869638e-03
2604            	3.69290565e-03
2605            	3.69343724e-03
2606            	3.69548055e-03
2607            	3.70564882e-03
2608            	3.71214404e-03
2609            	3.70852125e-03
2610            	3.70108447e-03
2611            	3.69006382e-03
2612            	3.69802145e-03
2613            	3.69825214e-03
2614            	3.69956995e-03
2615            	3.70155372e-03
2616            	3.70143122e-03
2617            	3.70418451e-03
2618            	3.70115048e-03
2619            	3.68430376e-03
2620            	3.68002316e-03
2621            	3.66809390e-03
2622            	3.67845780e-03
2623            	3.70053671e-03
2624            	3.71858709e-03
2625            	3.72335388e-03
2626            	3.71678277e-03
2627            	3.71307854e-03
2628            	3.70702047e-03
2629            	3.70736526e-03
2630            	3.70229782e-03
2631            	3.69425548e-03
2632            	3.69008347e-03
2633            	3.67929312e-03
2634            	3.68453274e-03
2635            	3.69726297e-03
2636            	3.70547847e-03
2637            	3.71242160e-03
2638            	3.70511074e-03
2639            	3.70152302e-03
2640            	3.71571878e-03
2641            	3.71124128e-03
2642            	3.70409254e-03
2643            	3.70433442e-03
2644            	3.69575586e-03
2645            	3.69569341e-03
2646            	3.70045109e-03
2647            	3.69782223e-03
2648            	3.69554991e-03
2649            	3.69579986e-03
2650            	3.70382119e-03
2651            	3.71013365e-03
2652            	3.69989576e-03
2653            	3.69182312e-03
2654            	3.70192627e-03
2655            	3.70910223e-03
2656            	3.70505778e-03
2657            	3.69819938e-03
2658            	3.69957245e-03
2659            	3.70590897e-03
2660            	3.71712732e-03
2661            	3.72943372e-03
2662            	3.72307281e-03
2663            	3.69759983e-03
2664            	3.68467305e-03
2665            	3.66092470e-03
2666            	3.65238790e-03
2667            	3.66676180e-03
2668            	3.69932096e-03
2669            	3.72174663e-03
2670            	3.72403653e-03
2671            	3.71996128e-03
2672            	3.71600017e-03
2673            	3.70131902e-03
2674            	3.69820077e-03
2675            	3.70103841e-03
2676            	3.70304107e-03
2677            	3.69887285e-03
2678            	3.69354004e-03
2679            	3.67927148e-03
2680            	3.68206420e-03
2681            	3.69529128e-03
2682            	3.70045203e-03
2683            	3.70148459e-03
2684            	3.69682858e-03
2685            	3.67880271e-03
2686            	3.67248498e-03
2687            	3.68578071e-03
2688            	3.69689488e-03
2689            	3.71211343e-03
2690            	3.71376638e-03
2691            	3.71390315e-03
2692            	3.71057353e-03
2693            	3.70592995e-03
2694            	3.71170749e-03
2695            	3.72275537e-03
2696            	3.72525405e-03
2697            	3.71290342e-03
2698            	3.69291276e-03
2699            	3.67950687e-03
2700            	3.67650392e-03
2701            	3.68004405e-03
2702            	3.68984013e-03
2703            	3.69731916e-03
2704            	3.69527541e-03
2705            	3.70072285e-03
2706            	3.71525046e-03
2707            	3.72036960e-03
2708            	3.70977863e-03
2709            	3.69065854e-03
2710            	3.67661819e-03
2711            	3.66927486e-03
2712            	3.67655468e-03
2713            	3.69210965e-03
2714            	3.71669558e-03
2715            	3.73218456e-03
2716            	3.72460713e-03
2717            	3.69882474e-03
2718            	3.68742521e-03
2719            	3.69661213e-03
2720            	3.70743821e-03
2721            	3.71728547e-03
2722            	3.72499032e-03
2723            	3.72113795e-03
2724            	3.70588630e-03
2725            	3.68984613e-03
2726            	3.67393666e-03
2727            	3.68091657e-03
2728            	3.70812403e-03
2729            	3.72060865e-03
2730            	3.71979078e-03
2731            	3.71211976e-03
2732            	3.69728902e-03
2733            	3.68536591e-03
2734            	3.67259285e-03
2735            	3.66984799e-03
2736            	3.68503955e-03
2737            	3.70402969e-03
2738            	3.71750095e-03
2739            	3.71707357e-03
2740            	3.70379656e-03
2741            	3.68346874e-03
2742            	3.66914262e-03
2743            	3.66952293e-03
2744            	3.68711373e-03
2745            	3.71450787e-03
2746            	3.72600817e-03
2747            	3.72465403e-03
2748            	3.72032572e-03
2749            	3.71977482e-03
2750            	3.70360853e-03
2751            	3.67633110e-03
2752            	3.67889492e-03
2753            	3.68966902e-03
2754            	3.68820247e-03
2755            	3.70171954e-03
2756            	3.71511618e-03
2757            	3.71711551e-03
2758            	3.71249784e-03
2759            	3.70915117e-03
2760            	3.69541348e-03
2761            	3.68430108e-03
2762            	3.68408201e-03
2763            	3.68804877e-03
2764            	3.69434432e-03
2765            	3.70200314e-03
2766            	3.70337580e-03
2767            	3.71050989e-03
2768            	3.70797019e-03
2769            	3.70058001e-03
2770            	3.69918183e-03
2771            	3.70257718e-03
2772            	3.69702362e-03
2773            	3.69494667e-03
2774            	3.69528459e-03
2775            	3.69809959e-03
2776            	3.69650285e-03
2777            	3.69374531e-03
2778            	3.69200873e-03
2779            	3.70269155e-03
2780            	3.71199948e-03
2781            	3.69715012e-03
2782            	3.69264187e-03
2783            	3.68542569e-03
2784            	3.67928775e-03
2785            	3.70298446e-03
2786            	3.72324636e-03
2787            	3.72214046e-03
2788            	3.71308846e-03
2789            	3.70582081e-03
2790            	3.68945997e-03
2791            	3.69473163e-03
2792            	3.69949062e-03
2793            	3.70148902e-03
2794            	3.70544718e-03
2795            	3.69687883e-03
2796            	3.68306232e-03
2797            	3.68200403e-03
2798            	3.68737356e-03
2799            	3.69778681e-03
2800            	3.71372428e-03
2801            	3.72074192e-03
2802            	3.71729327e-03
2803            	3.70722219e-03
2804            	3.70129245e-03
2805            	3.69174628e-03
2806            	3.68164427e-03
2807            	3.67627559e-03
2808            	3.67842640e-03
2809            	3.69001781e-03
2810            	3.70103483e-03
2811            	3.70366609e-03
2812            	3.69966988e-03
2813            	3.69644194e-03
2814            	3.70025548e-03
2815            	3.70791712e-03
2816            	3.72241969e-03
2817            	3.72185040e-03
2818            	3.71188734e-03
2819            	3.70240704e-03
2820            	3.69366681e-03
2821            	3.69623151e-03
2822            	3.69402636e-03
2823            	3.69061768e-03
2824            	3.70053977e-03
2825            	3.70243436e-03
2826            	3.68592400e-03
2827            	3.67956513e-03
2828            	3.69397571e-03
2829            	3.69919011e-03
2830            	3.70056884e-03
2831            	3.69753736e-03
2832            	3.69416601e-03
2833            	3.68702338e-03
2834            	3.68336029e-03
2835            	3.69419317e-03
2836            	3.71983663e-03
2837            	3.71875805e-03
2838            	3.71297485e-03
2839            	3.71358204e-03
2840            	3.70772961e-03
2841            	3.68930464e-03
2842            	3.68788982e-03
2843            	3.68745319e-03
2844            	3.69281948e-03
2845            	3.69809287e-03
2846            	3.70162603e-03
2847            	3.68962828e-03
2848            	3.69433731e-03
2849            	3.69392500e-03
2850            	3.68973097e-03
2851            	3.68465608e-03
2852            	3.68360135e-03
2853            	3.69757568e-03
2854            	3.71318479e-03
2855            	3.71480652e-03
2856            	3.70086613e-03
2857            	3.70078799e-03
2858            	3.70246112e-03
2859            	3.70433723e-03
2860            	3.70615616e-03
2861            	3.69860008e-03
2862            	3.70083460e-03
2863            	3.70454722e-03
2864            	3.71196632e-03
2865            	3.71331225e-03
2866            	3.70536917e-03
2867            	3.69790798e-03
2868            	3.70519532e-03
2869            	3.70961128e-03
2870            	3.70060317e-03
2871            	3.68901309e-03
2872            	3.68717618e-03
2873            	3.67793036e-03
2874            	3.68062120e-03
2875            	3.69433914e-03
2876            	3.70705446e-03
2877            	3.71062566e-03
2878            	3.71758128e-03
2879            	3.71408593e-03
2880            	3.70875087e-03
2881            	3.70001125e-03
2882            	3.69762498e-03
2883            	3.70149244e-03
2884            	3.69414960e-03
2885            	3.68542376e-03
2886            	3.69214613e-03
2887            	3.71237894e-03
2888            	3.72282732e-03
2889            	3.71979672e-03
2890            	3.71464237e-03
2891            	3.71612913e-03
2892            	3.71044319e-03
2893            	3.69211323e-03
2894            	3.68353947e-03
2895            	3.68561810e-03
2896            	3.68361590e-03
2897            	3.67305316e-03
2898            	3.67399439e-03
2899            	3.67883916e-03
2900            	3.68388446e-03
2901            	3.69329734e-03
2902            	3.70803202e-03
2903            	3.71500268e-03
2904            	3.71559350e-03
2905            	3.70476764e-03
2906            	3.71122315e-03
2907            	3.72325317e-03
2908            	3.71931771e-03
2909            	3.71264709e-03
2910            	3.69755276e-03
2911            	3.69818217e-03
2912            	3.71119625e-03
2913            	3.71869817e-03
2914            	3.70273972e-03
2915            	3.68245299e-03
2916            	3.67646072e-03
2917            	3.68517075e-03
2918            	3.68956222e-03
2919            	3.68411208e-03
2920            	3.67874220e-03
2921            	3.68551873e-03
2922            	3.70799423e-03
2923            	3.71864634e-03
2924            	3.71856971e-03
2925            	3.71920321e-03
2926            	3.71950143e-03
2927            	3.70985374e-03
2928            	3.68656813e-03
2929            	3.67494085e-03
2930            	3.68263178e-03
2931            	3.69987477e-03
2932            	3.70604810e-03
2933            	3.71061516e-03
2934            	3.70324746e-03
2935            	3.69467951e-03
2936            	3.69610200e-03
2937            	3.69862003e-03
2938            	3.70796032e-03
2939            	3.72091904e-03
2940            	3.72783303e-03
2941            	3.71500389e-03
2942            	3.70074576e-03
2943            	3.68312492e-03
2944            	3.68442168e-03
2945            	3.70166068e-03
2946            	3.72055730e-03
2947            	3.70555874e-03
2948            	3.69433428e-03
2949            	3.68089063e-03
2950            	3.67259326e-03
2951            	3.67667993e-03
2952            	3.69013543e-03
2953            	3.70769009e-03
2954            	3.71818265e-03
2955            	3.71033356e-03
2956            	3.69342200e-03
2957            	3.68237567e-03
2958            	3.67763668e-03
2959            	3.68200386e-03
2960            	3.70084331e-03
2961            	3.70976838e-03
2962            	3.70990104e-03
2963            	3.70830919e-03
2964            	3.71553781e-03
2965            	3.71344666e-03
2966            	3.70200460e-03
2967            	3.69942132e-03
2968            	3.70003007e-03
2969            	3.68388863e-03
2970            	3.68194524e-03
2971            	3.68250511e-03
2972            	3.68356257e-03
2973            	3.68394664e-03
2974            	3.68177039e-03
2975            	3.68475398e-03
2976            	3.70030889e-03
2977            	3.70987380e-03
2978            	3.71630697e-03
2979            	3.71608708e-03
2980            	3.70713724e-03
2981            	3.69606457e-03
2982            	3.67479400e-03
2983            	3.67405944e-03
2984            	3.68649263e-03
2985            	3.68816074e-03
2986            	3.69899693e-03
2987            	3.70880313e-03
2988            	3.71903205e-03
2989            	3.72532233e-03
2990            	3.71216303e-03
2991            	3.69058522e-03
2992            	3.68049938e-03
2993            	3.68278053e-03
2994            	3.69326442e-03
2995            	3.69961930e-03
2996            	3.70387423e-03
2997            	3.71885606e-03
2998            	3.71212041e-03
2999            	3.69949450e-03
3000            	3.68032603e-03
3001            	3.66670024e-03
3002            	3.67904550e-03
3003            	3.70643858e-03
3004            	3.72940475e-03
3005            	3.71403426e-03
3006            	3.69470624e-03
3007            	3.68262669e-03
3008            	3.68953820e-03
3009            	3.70572105e-03
3010            	3.71372507e-03
3011            	3.71888013e-03
3012            	3.71377677e-03
3013            	3.69768388e-03
3014            	3.68791666e-03
3015            	3.68191601e-03
3016            	3.67657801e-03
3017            	3.68443459e-03
3018            	3.69494885e-03
3019            	3.70853521e-03
3020            	3.69871261e-03
3021            	3.68228843e-03
3022            	3.67475250e-03
3023            	3.67120713e-03
3024            	3.67886885e-03
3025            	3.69199342e-03
3026            	3.70291792e-03
3027            	3.69222575e-03
3028            	3.68629993e-03
3029            	3.68765622e-03
3030            	3.71043315e-03
3031            	3.72179694e-03
3032            	3.71166910e-03
3033            	3.70567025e-03
3034            	3.70020877e-03
3035            	3.69388531e-03
3036            	3.69476382e-03
3037            	3.68846956e-03
3038            	3.68462178e-03
3039            	3.70142190e-03
3040            	3.71383207e-03
3041            	3.70597219e-03
3042            	3.69846850e-03
3043            	3.69138565e-03
3044            	3.69341255e-03
3045            	3.69232779e-03
3046            	3.68329154e-03
3047            	3.67744728e-03
3048            	3.69683327e-03
3049            	3.72259764e-03
3050            	3.73340273e-03
3051            	3.72418363e-03
3052            	3.70439812e-03
3053            	3.68254600e-03
3054            	3.66448880e-03
3055            	3.66860134e-03
3056            	3.67525128e-03
3057            	3.69516606e-03
3058            	3.71739680e-03
3059            	3.72518669e-03
3060            	3.71454779e-03
3061            	3.71053189e-03
3062            	3.71293675e-03
3063            	3.70412491e-03
3064            	3.69484421e-03
3065            	3.68611989e-03
3066            	3.68263643e-03
3067            	3.68676596e-03
3068            	3.69703224e-03
3069            	3.70524726e-03
3070            	3.70298864e-03
3071            	3.68964358e-03
3072            	3.68337359e-03
3073            	3.68376254e-03
3074            	3.68257886e-03
3075            	3.69721794e-03
3076            	3.71150092e-03
3077            	3.72069760e-03
3078            	3.71464870e-03
3079            	3.71389960e-03
3080            	3.71613976e-03
3081            	3.69699225e-03
3082            	3.68434362e-03
3083            	3.69160651e-03
3084            	3.69400255e-03
3085            	3.70487541e-03
3086            	3.72040081e-03
3087            	3.71276231e-03
3088            	3.69429566e-03
3089            	3.68030184e-03
3090            	3.67462516e-03
3091            	3.67673037e-03
3092            	3.68637839e-03
3093            	3.69174563e-03
3094            	3.70010485e-03
3095            	3.72215058e-03
3096            	3.72894318e-03
3097            	3.70447377e-03
3098            	3.69899290e-03
3099            	3.69691137e-03
3100            	3.70739251e-03
3101            	3.70556070e-03
3102            	3.69715480e-03
3103            	3.68972682e-03
3104            	3.68239496e-03
3105            	3.67794140e-03
3106            	3.69371210e-03
3107            	3.71035489e-03
3108            	3.71993194e-03
3109            	3.71699468e-03
3110            	3.70744434e-03
3111            	3.70584128e-03
3112            	3.70675233e-03
3113            	3.70229350e-03
3114            	3.70062618e-03
3115            	3.69561319e-03
3116            	3.69568488e-03
3117            	3.69544037e-03
3118            	3.68494469e-03
3119            	3.67777028e-03
3120            	3.67951252e-03
3121            	3.69412341e-03
3122            	3.71208053e-03
3123            	3.71529911e-03
3124            	3.71308969e-03
3125            	3.70206349e-03
3126            	3.68834194e-03
3127            	3.67901111e-03
3128            	3.67361433e-03
3129            	3.68880359e-03
3130            	3.71256372e-03
3131            	3.72409909e-03
3132            	3.72395550e-03
3133            	3.71674867e-03
3134            	3.71095939e-03
3135            	3.70010616e-03
3136            	3.69169731e-03
3137            	3.69696232e-03
3138            	3.69641651e-03
3139            	3.69516082e-03
3140            	3.69544698e-03
3141            	3.70249078e-03
3142            	3.70781863e-03
3143            	3.71772997e-03
3144            	3.72345003e-03
3145            	3.71507907e-03
3146            	3.69986635e-03
3147            	3.69272581e-03
3148            	3.68233605e-03
3149            	3.68230625e-03
3150            	3.69052216e-03
3151            	3.70176737e-03
3152            	3.70302554e-03
3153            	3.69244280e-03
3154            	3.69191764e-03
3155            	3.70097961e-03
3156            	3.68197256e-03
3157            	3.67776883e-03
3158            	3.68260632e-03
3159            	3.68293453e-03
3160            	3.68478075e-03
3161            	3.67961275e-03
3162            	3.68643656e-03
3163            	3.70073339e-03
3164            	3.71564212e-03
3165            	3.73040587e-03
3166            	3.71947127e-03
3167            	3.69608937e-03
3168            	3.68382814e-03
3169            	3.67563151e-03
3170            	3.68133372e-03
3171            	3.69928191e-03
3172            	3.71998920e-03
3173            	3.73152303e-03
3174            	3.72362838e-03
3175            	3.71036858e-03
3176            	3.69251462e-03
3177            	3.68321555e-03
3178            	3.67620692e-03
3179            	3.67839249e-03
3180            	3.69663526e-03
3181            	3.71154828e-03
3182            	3.71747529e-03
3183            	3.70843013e-03
3184            	3.69298672e-03
3185            	3.69235865e-03
3186            	3.70718592e-03
3187            	3.71671116e-03
3188            	3.70962312e-03
3189            	3.69385025e-03
3190            	3.68976241e-03
3191            	3.69066008e-03
3192            	3.69978397e-03
3193            	3.70990545e-03
3194            	3.71307290e-03
3195            	3.70962778e-03
3196            	3.70339871e-03
3197            	3.70361408e-03
3198            	3.71264776e-03
3199            	3.71464799e-03
3200            	3.70362631e-03
3201            	3.68510599e-03
3202            	3.67507314e-03
3203            	3.68036960e-03
3204            	3.70228202e-03
3205            	3.70588659e-03
3206            	3.70167449e-03
3207            	3.70483216e-03
3208            	3.70373822e-03
3209            	3.69473547e-03
3210            	3.69553813e-03
3211            	3.69439164e-03
3212            	3.69391308e-03
3213            	3.70600368e-03
3214            	3.72034781e-03
3215            	3.73677295e-03
3216            	3.73619464e-03
3217            	3.71562871e-03
3218            	3.69442107e-03
3219            	3.67946986e-03
3220            	3.67235275e-03
3221            	3.67197545e-03
3222            	3.69610039e-03
3223            	3.72220909e-03
3224            	3.73777218e-03
3225            	3.74670310e-03
3226            	3.72981357e-03
3227            	3.70179146e-03
3228            	3.68323293e-03
3229            	3.68220260e-03
3230            	3.68687853e-03
3231            	3.68316372e-03
3232            	3.67635362e-03
3233            	3.68497810e-03
3234            	3.71152177e-03
3235            	3.72367168e-03
3236            	3.72003877e-03
3237            	3.71048785e-03
3238            	3.70615815e-03
3239            	3.69680727e-03
3240            	3.69027314e-03
3241            	3.68989838e-03
3242            	3.69589771e-03
3243            	3.70617399e-03
3244            	3.70620464e-03
3245            	3.69964965e-03
3246            	3.69480503e-03
3247            	3.69347410e-03
3248            	3.69428850e-03
3249            	3.69205589e-03
3250            	3.69329771e-03
3251            	3.69769543e-03
3252            	3.70586507e-03
3253            	3.71418160e-03
3254            	3.72476293e-03
3255            	3.73077281e-03
3256            	3.72162798e-03
3257            	3.70743771e-03
3258            	3.70108537e-03
3259            	3.69192158e-03
3260            	3.68858529e-03
3261            	3.68351211e-03
3262            	3.67862709e-03
3263            	3.68521238e-03
3264            	3.69967700e-03
3265            	3.70457643e-03
3266            	3.70844054e-03
3267            	3.70863720e-03
3268            	3.70883731e-03
3269            	3.70508183e-03
3270            	3.69638202e-03
3271            	3.69225028e-03
3272            	3.68826560e-03
3273            	3.68210305e-03
3274            	3.68460829e-03
3275            	3.68479761e-03
3276            	3.69663132e-03
3277            	3.72001857e-03
3278            	3.73725836e-03
3279            	3.73343577e-03
3280            	3.71757495e-03
3281            	3.69219992e-03
3282            	3.67752898e-03
3283            	3.68172417e-03
3284            	3.68478860e-03
3285            	3.69618651e-03
3286            	3.70055423e-03
3287            	3.70705800e-03
3288            	3.71646521e-03
3289            	3.70695112e-03
3290            	3.69908870e-03
3291            	3.69446416e-03
3292            	3.70026707e-03
3293            	3.70024205e-03
3294            	3.68333169e-03
3295            	3.67693028e-03
3296            	3.69534105e-03
3297            	3.71621338e-03
3298            	3.73140809e-03
3299            	3.74061132e-03
3300            	3.73952792e-03
3301            	3.71952528e-03
3302            	3.70092634e-03
3303            	3.68131692e-03
3304            	3.66994820e-03
3305            	3.66342203e-03
3306            	3.67074050e-03
3307            	3.68517086e-03
3308            	3.70693286e-03
3309            	3.72234007e-03
3310            	3.71949084e-03
3311            	3.70186168e-03
3312            	3.68539946e-03
3313            	3.68477805e-03
3314            	3.68329403e-03
3315            	3.68657103e-03
3316            	3.69866492e-03
3317            	3.71039166e-03
3318            	3.71248531e-03
3319            	3.71445679e-03
3320            	3.70914545e-03
3321            	3.70172461e-03
3322            	3.69001542e-03
3323            	3.67968788e-03
3324            	3.68590058e-03
3325            	3.69380769e-03
3326            	3.70419916e-03
3327            	3.71079092e-03
3328            	3.70613400e-03
3329            	3.70994986e-03
3330            	3.71696640e-03
3331            	3.71798959e-03
3332            	3.71111189e-03
3333            	3.69168027e-03
3334            	3.68178864e-03
3335            	3.68452106e-03
3336            	3.68271349e-03
3337            	3.67865978e-03
3338            	3.69141241e-03
3339            	3.69610936e-03
3340            	3.69718161e-03
3341            	3.69953539e-03
3342            	3.70298106e-03
3343            	3.70243505e-03
3344            	3.70623344e-03
3345            	3.69657914e-03
3346            	3.68690162e-03
3347            	3.66983417e-03
3348            	3.68333974e-03
3349            	3.70380673e-03
3350            	3.71855390e-03
3351            	3.72032238e-03
3352            	3.70861077e-03
3353            	3.69589152e-03
3354            	3.69046152e-03
3355            	3.68280888e-03
3356            	3.68131787e-03
3357            	3.68988718e-03
3358            	3.69498919e-03
3359            	3.69696632e-03
3360            	3.69628092e-03
3361            	3.69497697e-03
3362            	3.69326056e-03
3363            	3.69880741e-03
3364            	3.69443648e-03
3365            	3.67831491e-03
3366            	3.66566971e-03
3367            	3.68073249e-03
3368            	3.70560394e-03
3369            	3.72604242e-03
3370            	3.73094928e-03
3371            	3.72503687e-03
3372            	3.71461247e-03
3373            	3.68922328e-03
3374            	3.67345663e-03
3375            	3.68071653e-03
3376            	3.68909848e-03
3377            	3.69186765e-03
3378            	3.70418803e-03
3379            	3.70863602e-03
3380            	3.70435824e-03
3381            	3.70648022e-03
3382            	3.70029590e-03
3383            	3.68974678e-03
3384            	3.67208344e-03
3385            	3.68103637e-03
3386            	3.68963943e-03
3387            	3.68954837e-03
3388            	3.70428790e-03
3389            	3.71825022e-03
3390            	3.72323277e-03
3391            	3.71474426e-03
3392            	3.69161692e-03
3393            	3.67545162e-03
3394            	3.66970846e-03
3395            	3.67368281e-03
3396            	3.67928946e-03
3397            	3.67408324e-03
3398            	3.68378568e-03
3399            	3.69680429e-03
3400            	3.70348098e-03
3401            	3.70960169e-03
3402            	3.70931278e-03
3403            	3.70740567e-03
3404            	3.70478251e-03
3405            	3.70496150e-03
3406            	3.70801076e-03
3407            	3.69462037e-03
3408            	3.68330836e-03
3409            	3.68302941e-03
3410            	3.68322680e-03
3411            	3.68138781e-03
3412            	3.69247396e-03
3413            	3.69766589e-03
3414            	3.70059842e-03
3415            	3.69736057e-03
3416            	3.69338020e-03
3417            	3.67795692e-03
3418            	3.66847097e-03
3419            	3.67782378e-03
3420            	3.69846037e-03
3421            	3.70352206e-03
3422            	3.71268160e-03
3423            	3.71027914e-03
3424            	3.70595012e-03
3425            	3.69423973e-03
3426            	3.67752570e-03
3427            	3.66465985e-03
3428            	3.66726438e-03
3429            	3.68261754e-03
3430            	3.69522660e-03
3431            	3.69865870e-03
3432            	3.70106592e-03
3433            	3.70433376e-03
3434            	3.71611942e-03
3435            	3.71325163e-03
3436            	3.70335194e-03
3437            	3.70443520e-03
3438            	3.69951867e-03
3439            	3.68369163e-03
3440            	3.68548844e-03
3441            	3.68907894e-03
3442            	3.69706090e-03
3443            	3.70857025e-03
3444            	3.70871411e-03
3445            	3.70180819e-03
3446            	3.69711726e-03
3447            	3.69730432e-03
3448            	3.69857652e-03
3449            	3.69290806e-03
3450            	3.69615113e-03
3451            	3.69932025e-03
3452            	3.70926823e-03
3453            	3.70643664e-03
3454            	3.70386335e-03
3455            	3.69699457e-03
3456            	3.69543522e-03
3457            	3.69926441e-03
3458            	3.69060885e-03
3459            	3.67965854e-03
3460            	3.68028738e-03
3461            	3.68302433e-03
3462            	3.69510700e-03
3463            	3.71440574e-03
3464            	3.71913723e-03
3465            	3.71950485e-03
3466            	3.71609565e-03
3467            	3.70130150e-03
3468            	3.69628467e-03
3469            	3.69959971e-03
3470            	3.70241761e-03
3471            	3.68618289e-03
3472            	3.67346168e-03
3473            	3.67507932e-03
3474            	3.68452357e-03
3475            	3.68565614e-03
3476            	3.68053855e-03
3477            	3.68882391e-03
3478            	3.70174809e-03
3479            	3.70556486e-03
3480            	3.68913357e-03
3481            	3.67341949e-03
3482            	3.67576384e-03
3483            	3.69002997e-03
3484            	3.70822023e-03
3485            	3.71577402e-03
3486            	3.71796422e-03
3487            	3.72174022e-03
3488            	3.72078578e-03
3489            	3.70873602e-03
3490            	3.70592620e-03
3491            	3.70642255e-03
3492            	3.70193535e-03
3493            	3.70068023e-03
3494            	3.70105755e-03
3495            	3.70698943e-03
3496            	3.71479746e-03
3497            	3.70859527e-03
3498            	3.68215701e-03
3499            	3.67087881e-03
3500            	3.68200195e-03
3501            	3.69957894e-03
3502            	3.69763067e-03
3503            	3.69440777e-03
3504            	3.69371086e-03
3505            	3.69185609e-03
3506            	3.69098786e-03
3507            	3.69722230e-03
3508            	3.70296625e-03
3509            	3.70170978e-03
3510            	3.70398014e-03
3511            	3.69541669e-03
3512            	3.68483207e-03
3513            	3.69040617e-03
3514            	3.70594421e-03
3515            	3.71072455e-03
3516            	3.70570897e-03
3517            	3.69697425e-03
3518            	3.69595265e-03
3519            	3.70255301e-03
3520            	3.70254484e-03
3521            	3.71942971e-03
3522            	3.73265319e-03
3523            	3.72683381e-03
3524            	3.70219297e-03
3525            	3.66998309e-03
3526            	3.65529895e-03
3527            	3.66740607e-03
3528            	3.69109963e-03
3529            	3.71171098e-03
3530            	3.71808211e-03
3531            	3.70051059e-03
3532            	3.68596460e-03
3533            	3.67951725e-03
3534            	3.66973085e-03
3535            	3.66979005e-03
3536            	3.68179107e-03
3537            	3.69858846e-03
3538            	3.72880572e-03
3539            	3.75123175e-03
3540            	3.74273641e-03
3541            	3.72750847e-03
3542            	3.69765464e-03
3543            	3.66926618e-03
3544            	3.66474015e-03
3545            	3.66994913e-03
3546            	3.68687910e-03
3547            	3.69451860e-03
3548            	3.69181014e-03
3549            	3.69777118e-03
3550            	3.70512789e-03
3551            	3.70966714e-03
3552            	3.70760670e-03
3553            	3.69259550e-03
3554            	3.68053954e-03
3555            	3.67859439e-03
3556            	3.70631910e-03
3557            	3.71979544e-03
3558            	3.71572768e-03
3559            	3.72660826e-03
3560            	3.73022753e-03
3561            	3.70672605e-03
3562            	3.68987915e-03
3563            	3.69085340e-03
3564            	3.68736811e-03
3565            	3.68674481e-03
3566            	3.70316787e-03
3567            	3.71142241e-03
3568            	3.70407822e-03
3569            	3.69086228e-03
3570            	3.67478746e-03
3571            	3.67845688e-03
3572            	3.69088909e-03
3573            	3.69400482e-03
3574            	3.69166519e-03
3575            	3.67817425e-03
3576            	3.67176942e-03
3577            	3.67312787e-03
3578            	3.68545251e-03
3579            	3.70389249e-03
3580            	3.71079880e-03
3581            	3.70592824e-03
3582            	3.70214576e-03
3583            	3.69961322e-03
3584            	3.69727814e-03
3585            	3.68258695e-03
3586            	3.68354606e-03
3587            	3.69207736e-03
3588            	3.69560972e-03
3589            	3.69615666e-03
3590            	3.70413883e-03
3591            	3.71183405e-03
3592            	3.71256042e-03
3593            	3.70121691e-03
3594            	3.68904435e-03
3595            	3.68428677e-03
3596            	3.68337965e-03
3597            	3.68925973e-03
3598            	3.68199592e-03
3599            	3.68289497e-03
3600            	3.68871525e-03
3601            	3.69669167e-03
3602            	3.70355063e-03
3603            	3.69627753e-03
3604            	3.69285669e-03
3605            	3.69355282e-03
3606            	3.70085580e-03
3607            	3.70036647e-03
3608            	3.68936363e-03
3609            	3.68131528e-03
3610            	3.68630261e-03
3611            	3.69808018e-03
3612            	3.70405694e-03
3613            	3.70369642e-03
3614            	3.70096123e-03
3615            	3.68800781e-03
3616            	3.68733792e-03
3617            	3.68268906e-03
3618            	3.67490158e-03
3619            	3.68138506e-03
3620            	3.68986075e-03
3621            	3.69196996e-03
3622            	3.69170734e-03
3623            	3.69631376e-03
3624            	3.70393750e-03
3625            	3.70272091e-03
3626            	3.70132118e-03
3627            	3.70050340e-03
3628            	3.70286338e-03
3629            	3.69980973e-03
3630            	3.69135847e-03
3631            	3.68882295e-03
3632            	3.69150141e-03
3633            	3.70005081e-03
3634            	3.70559234e-03
3635            	3.70732322e-03
3636            	3.70152028e-03
3637            	3.68643475e-03
3638            	3.67916421e-03
3639            	3.67926751e-03
3640            	3.69024618e-03
3641            	3.70657811e-03
3642            	3.70002485e-03
3643            	3.69219053e-03
3644            	3.68833393e-03
3645            	3.68389582e-03
3646            	3.68799547e-03
3647            	3.69669067e-03
3648            	3.70486827e-03
3649            	3.69966593e-03
3650            	3.68386294e-03
3651            	3.69393936e-03
3652            	3.70664404e-03
3653            	3.70905336e-03
3654            	3.71242024e-03
3655            	3.69748282e-03
3656            	3.69061627e-03
3657            	3.70026510e-03
3658            	3.71077144e-03
3659            	3.71577487e-03
3660            	3.70865004e-03
3661            	3.69416869e-03
3662            	3.69195551e-03
3663            	3.68880452e-03
3664            	3.69782164e-03
3665            	3.68802551e-03
3666            	3.68973216e-03
3667            	3.69797229e-03
3668            	3.69498869e-03
3669            	3.68722786e-03
3670            	3.68684408e-03
3671            	3.69349172e-03
3672            	3.70181825e-03
3673            	3.71288193e-03
3674            	3.70508984e-03
3675            	3.69004101e-03
3676            	3.68200359e-03
3677            	3.67650314e-03
3678            	3.68368451e-03
3679            	3.69378173e-03
3680            	3.68457417e-03
3681            	3.68912776e-03
3682            	3.70741305e-03
3683            	3.71064467e-03
3684            	3.71164451e-03
3685            	3.72662799e-03
3686            	3.71914499e-03
3687            	3.71653108e-03
3688            	3.70653300e-03
3689            	3.70264125e-03
3690            	3.70732814e-03
3691            	3.68815513e-03
3692            	3.67899747e-03
3693            	3.66620820e-03
3694            	3.68088140e-03
3695            	3.71042179e-03
3696            	3.72315221e-03
3697            	3.71811760e-03
3698            	3.72102030e-03
3699            	3.72376956e-03
3700            	3.71117518e-03
3701            	3.68998766e-03
3702            	3.68489374e-03
3703            	3.68336727e-03
3704            	3.68288484e-03
3705            	3.68315861e-03
3706            	3.68447157e-03
3707            	3.68039193e-03
3708            	3.69354386e-03
3709            	3.70106712e-03
3710            	3.69506848e-03
3711            	3.69975296e-03
3712            	3.69368131e-03
3713            	3.69781313e-03
3714            	3.69665454e-03
3715            	3.69124746e-03
3716            	3.68569221e-03
3717            	3.69017289e-03
3718            	3.69947243e-03
3719            	3.71473962e-03
3720            	3.72121611e-03
3721            	3.71470372e-03
3722            	3.70799777e-03
3723            	3.68702662e-03
3724            	3.67532100e-03
3725            	3.68672420e-03
3726            	3.70510347e-03
3727            	3.70334444e-03
3728            	3.69458108e-03
3729            	3.68868958e-03
3730            	3.68247588e-03
3731            	3.68239547e-03
3732            	3.68903122e-03
3733            	3.69205758e-03
3734            	3.70282718e-03
3735            	3.71392583e-03
3736            	3.70842196e-03
3737            	3.69700395e-03
3738            	3.67781830e-03
3739            	3.66614944e-03
3740            	3.67248616e-03
3741            	3.67994161e-03
3742            	3.69215441e-03
3743            	3.69649731e-03
3744            	3.70186953e-03
3745            	3.71029390e-03
3746            	3.70968218e-03
3747            	3.70441076e-03
3748            	3.70496606e-03
3749            	3.68741042e-03
3750            	3.67230004e-03
3751            	3.66831468e-03
3752            	3.67765576e-03
3753            	3.69495502e-03
3754            	3.70198009e-03
3755            	3.69900395e-03
3756            	3.70454572e-03
3757            	3.71107555e-03
3758            	3.70975323e-03
3759            	3.69434152e-03
3760            	3.69147032e-03
3761            	3.69347523e-03
3762            	3.69338694e-03
3763            	3.69052661e-03
3764            	3.69132632e-03
3765            	3.68414499e-03
3766            	3.68301821e-03
3767            	3.67902118e-03
3768            	3.67737787e-03
3769            	3.68218193e-03
3770            	3.69849794e-03
3771            	3.71157408e-03
3772            	3.71291608e-03
3773            	3.71477303e-03
3774            	3.70831844e-03
3775            	3.70173663e-03
3776            	3.68938582e-03
3777            	3.69196773e-03
3778            	3.70041002e-03
3779            	3.69625886e-03
3780            	3.68910581e-03
3781            	3.68638710e-03
3782            	3.69212406e-03
3783            	3.69861246e-03
3784            	3.71406809e-03
3785            	3.71315420e-03
3786            	3.70343574e-03
3787            	3.68404686e-03
3788            	3.68164133e-03
3789            	3.68978679e-03
3790            	3.69367411e-03
3791            	3.69671479e-03
3792            	3.72513589e-03
3793            	3.74111066e-03
3794            	3.73549555e-03
3795            	3.72264590e-03
3796            	3.70068229e-03
3797            	3.68242894e-03
3798            	3.67157980e-03
3799            	3.67674268e-03
3800            	3.68391231e-03
3801            	3.68538803e-03
3802            	3.69273813e-03
3803            	3.70318587e-03
3804            	3.71000885e-03
3805            	3.70964735e-03
3806            	3.70246075e-03
3807            	3.69602763e-03
3808            	3.69835685e-03
3809            	3.70337530e-03
3810            	3.70464827e-03
3811            	3.70880193e-03
3812            	3.70069997e-03
3813            	3.68643073e-03
3814            	3.69250672e-03
3815            	3.69948950e-03
3816            	3.69181289e-03
3817            	3.68370354e-03
3818            	3.69649238e-03
3819            	3.71968662e-03
3820            	3.73177960e-03
3821            	3.72126022e-03
3822            	3.72262556e-03
3823            	3.71748587e-03
3824            	3.69159456e-03
3825            	3.67669789e-03
3826            	3.67016728e-03
3827            	3.68081856e-03
3828            	3.68910151e-03
3829            	3.69602612e-03
3830            	3.71841436e-03
3831            	3.72765923e-03
3832            	3.72365387e-03
3833            	3.72750264e-03
3834            	3.72969504e-03
3835            	3.72046511e-03
3836            	3.70617955e-03
3837            	3.68232726e-03
3838            	3.66701838e-03
3839            	3.67072061e-03
3840            	3.69334391e-03
3841            	3.70774313e-03
3842            	3.70635442e-03
3843            	3.70099586e-03
3844            	3.69306047e-03
3845            	3.68767760e-03
3846            	3.69290330e-03
3847            	3.70155917e-03
3848            	3.70700868e-03
3849            	3.70190070e-03
3850            	3.69873600e-03
3851            	3.69605442e-03
3852            	3.68329193e-03
3853            	3.68044378e-03
3854            	3.68092808e-03
3855            	3.68871554e-03
3856            	3.71439714e-03
3857            	3.73072349e-03
3858            	3.72307268e-03
3859            	3.70185845e-03
3860            	3.68808018e-03
3861            	3.67549731e-03
3862            	3.68082683e-03
3863            	3.69621161e-03
3864            	3.70579525e-03
3865            	3.70455756e-03
3866            	3.69905282e-03
3867            	3.69170237e-03
3868            	3.68276526e-03
3869            	3.66651607e-03
3870            	3.65900361e-03
3871            	3.67447273e-03
3872            	3.69495698e-03
3873            	3.70090788e-03
3874            	3.70342603e-03
3875            	3.70637002e-03
3876            	3.70501276e-03
3877            	3.69898147e-03
3878            	3.69576717e-03
3879            	3.69424865e-03
3880            	3.69183465e-03
3881            	3.70223100e-03
3882            	3.71124325e-03
3883            	3.71038302e-03
3884            	3.69879325e-03
3885            	3.68147789e-03
3886            	3.68503724e-03
3887            	3.69904466e-03
3888            	3.70236145e-03
3889            	3.69489500e-03
3890            	3.69541767e-03
3891            	3.70020431e-03
3892            	3.70703623e-03
3893            	3.71240528e-03
3894            	3.70597853e-03
3895            	3.69418229e-03
3896            	3.69575729e-03
3897            	3.69949339e-03
3898            	3.70224608e-03
3899            	3.70917759e-03
3900            	3.70477532e-03
3901            	3.69534057e-03
3902            	3.67418622e-03
3903            	3.66632394e-03
3904            	3.68038369e-03
3905            	3.69817996e-03
3906            	3.71668752e-03
3907            	3.72623557e-03
3908            	3.72044900e-03
3909            	3.71122469e-03
3910            	3.70449283e-03
3911            	3.69906926e-03
3912            	3.68425018e-03
3913            	3.67955653e-03
3914            	3.67576743e-03
3915            	3.67847254e-03
3916            	3.69600582e-03
3917            	3.71328244e-03
3918            	3.72021250e-03
3919            	3.71122426e-03
3920            	3.69572258e-03
3921            	3.66576313e-03
3922            	3.66579626e-03
3923            	3.69813873e-03
3924            	3.71756943e-03
3925            	3.73118250e-03
3926            	3.73452687e-03
3927            	3.71857233e-03
3928            	3.69718241e-03
3929            	3.68061954e-03
3930            	3.67763240e-03
3931            	3.68356287e-03
3932            	3.69889065e-03
3933            	3.71228103e-03
3934            	3.72367512e-03
3935            	3.71368587e-03
3936            	3.69441167e-03
3937            	3.67566319e-03
3938            	3.67673979e-03
3939            	3.68649060e-03
3940            	3.68717167e-03
3941            	3.69897802e-03
3942            	3.71228901e-03
3943            	3.70619426e-03
3944            	3.70165974e-03
3945            	3.70495301e-03
3946            	3.70529488e-03
3947            	3.69656586e-03
3948            	3.69351524e-03
3949            	3.69267402e-03
3950            	3.68917403e-03
3951            	3.67817357e-03
3952            	3.68036118e-03
3953            	3.68886237e-03
3954            	3.69566742e-03
3955            	3.69715613e-03
3956            	3.70410977e-03
3957            	3.69836847e-03
3958            	3.69663213e-03
3959            	3.69841597e-03
3960            	3.68945986e-03
3961            	3.67482919e-03
3962            	3.67486724e-03
3963            	3.68076216e-03
3964            	3.68759569e-03
3965            	3.70138283e-03
3966            	3.70073878e-03
3967            	3.68310093e-03
3968            	3.68464512e-03
3969            	3.70372714e-03
3970            	3.71691856e-03
3971            	3.72118094e-03
3972            	3.72336498e-03
3973            	3.71754257e-03
3974            	3.70412543e-03
3975            	3.67905735e-03
3976            	3.66986637e-03
3977            	3.67392596e-03
3978            	3.69174417e-03
3979            	3.69449230e-03
3980            	3.69825794e-03
3981            	3.70787822e-03
3982            	3.70984673e-03
3983            	3.69256332e-03
3984            	3.67886857e-03
3985            	3.67233531e-03
3986            	3.67524163e-03
3987            	3.67493825e-03
3988            	3.68019525e-03
3989            	3.68778489e-03
3990            	3.69420727e-03
3991            	3.69278082e-03
3992            	3.69430833e-03
3993            	3.69554207e-03
3994            	3.70376173e-03
3995            	3.71194137e-03
3996            	3.71013978e-03
3997            	3.69083748e-03
3998            	3.68904233e-03
3999            	3.68848686e-03
4000            	3.69952637e-03
4001            	3.71819828e-03
4002            	3.72311031e-03
4003            	3.69680851e-03
4004            	3.68768446e-03
4005            	3.68832481e-03
4006            	3.68979059e-03
4007            	3.70059305e-03
4008            	3.71060911e-03
4009            	3.72421297e-03
4010            	3.72870073e-03
4011            	3.71535751e-03
4012            	3.70341449e-03
4013            	3.69286309e-03
4014            	3.69129173e-03
4015            	3.69758344e-03
4016            	3.70372558e-03
4017            	3.70203248e-03
4018            	3.71019267e-03
4019            	3.70373863e-03
4020            	3.69318764e-03
4021            	3.69337142e-03
4022            	3.70706025e-03
4023            	3.71353436e-03
4024            	3.71093604e-03
4025            	3.69676330e-03
4026            	3.69387243e-03
4027            	3.69877071e-03
4028            	3.69787406e-03
4029            	3.69834119e-03
4030            	3.70481330e-03
4031            	3.70445887e-03
4032            	3.70831550e-03
4033            	3.70914783e-03
4034            	3.71315140e-03
4035            	3.71542724e-03
4036            	3.71136113e-03
4037            	3.70476583e-03
4038            	3.69602326e-03
4039            	3.68302894e-03
4040            	3.68410704e-03
4041            	3.69080645e-03
4042            	3.69743928e-03
4043            	3.70343702e-03
4044            	3.70023425e-03
4045            	3.69756869e-03
4046            	3.70639252e-03
4047            	3.70258848e-03
4048            	3.69590648e-03
4049            	3.69295175e-03
4050            	3.69430921e-03
4051            	3.69698223e-03
4052            	3.70615693e-03
4053            	3.71131370e-03
4054            	3.71640996e-03
4055            	3.71459839e-03
4056            	3.70361283e-03
4057            	3.70021104e-03
4058            	3.69958738e-03
4059            	3.70085631e-03
4060            	3.70583819e-03
4061            	3.69414210e-03
4062            	3.68822009e-03
4063            	3.68326565e-03
4064            	3.68182153e-03
4065            	3.68394296e-03
4066            	3.68727256e-03
4067            	3.68686103e-03
4068            	3.68580622e-03
4069            	3.69076385e-03
4070            	3.70867265e-03
4071            	3.70538612e-03
4072            	3.69378597e-03
4073            	3.68293708e-03
4074            	3.67927772e-03
4075            	3.67690184e-03
4076            	3.68629904e-03
4077            	3.69268630e-03
4078            	3.70448737e-03
4079            	3.70552733e-03
4080            	3.70612226e-03
4081            	3.70164210e-03
4082            	3.69267601e-03
4083            	3.67539973e-03
4084            	3.66843038e-03
4085            	3.67121235e-03
4086            	3.68034617e-03
4087            	3.69098939e-03
4088            	3.70469498e-03
4089            	3.71225392e-03
4090            	3.71741512e-03
4091            	3.71773473e-03
4092            	3.70734474e-03
4093            	3.68465041e-03
4094            	3.67275044e-03
4095            	3.66526431e-03
4096            	3.68349426e-03
4097            	3.69870705e-03
4098            	3.70915588e-03
4099            	3.71132149e-03
4100            	3.71131392e-03
4101            	3.70393025e-03
4102            	3.69118611e-03
4103            	3.69545775e-03
4104            	3.70442781e-03
4105            	3.70922374e-03
4106            	3.70505427e-03
4107            	3.69501202e-03
4108            	3.68466172e-03
4109            	3.68123573e-03
4110            	3.68680535e-03
4111            	3.69156749e-03
4112            	3.68738362e-03
4113            	3.68819730e-03
4114            	3.68793928e-03
4115            	3.68893553e-03
4116            	3.69431748e-03
4117            	3.70244140e-03
4118            	3.70639567e-03
4119            	3.69943775e-03
4120            	3.69372625e-03
4121            	3.68716344e-03
4122            	3.69334614e-03
4123            	3.70897118e-03
4124            	3.71445581e-03
4125            	3.70306534e-03
4126            	3.69651007e-03
4127            	3.68447144e-03
4128            	3.67532210e-03
4129            	3.68401230e-03
4130            	3.68986427e-03
4131            	3.69050790e-03
4132            	3.70315459e-03
4133            	3.71158322e-03
4134            	3.71944856e-03
4135            	3.72866919e-03
4136            	3.72193588e-03
4137            	3.70783812e-03
4138            	3.70383008e-03
4139            	3.68409195e-03
4140            	3.67846142e-03
4141            	3.68417656e-03
4142            	3.69234737e-03
4143            	3.71549972e-03
4144            	3.72766744e-03
4145            	3.71909437e-03
4146            	3.70238839e-03
4147            	3.69561835e-03
4148            	3.70975672e-03
4149            	3.71636573e-03
4150            	3.70648768e-03
4151            	3.68612658e-03
4152            	3.67922859e-03
4153            	3.68043390e-03
4154            	3.68829248e-03
4155            	3.69067202e-03
4156            	3.68396852e-03
4157            	3.68488086e-03
4158            	3.70864570e-03
4159            	3.73294557e-03
4160            	3.73079302e-03
4161            	3.71684599e-03
4162            	3.69839174e-03
4163            	3.68014536e-03
4164            	3.67226531e-03
4165            	3.68476142e-03
4166            	3.69750361e-03
4167            	3.70420754e-03
4168            	3.70983609e-03
4169            	3.71231114e-03
4170            	3.70214965e-03
4171            	3.69303184e-03
4172            	3.68923754e-03
4173            	3.69667266e-03
4174            	3.70614108e-03
4175            	3.71664205e-03
4176            	3.72161016e-03
4177            	3.69954622e-03
4178            	3.68776749e-03
4179            	3.67753272e-03
4180            	3.67130097e-03
4181            	3.67456835e-03
4182            	3.68654846e-03
4183            	3.70160049e-03
4184            	3.71498296e-03
4185            	3.72763338e-03
4186            	3.72285009e-03
4187            	3.71356094e-03
4188            	3.70721656e-03
4189            	3.70846856e-03
4190            	3.70858312e-03
4191            	3.69425836e-03
4192            	3.68216484e-03
4193            	3.67118223e-03
4194            	3.66998461e-03
4195            	3.69014702e-03
4196            	3.70537424e-03
4197            	3.71635395e-03
4198            	3.71904058e-03
4199            	3.71517931e-03
4200            	3.70408302e-03
4201            	3.69991074e-03
4202            	3.70178783e-03
4203            	3.69492633e-03
4204            	3.68953821e-03
4205            	3.67781449e-03
4206            	3.67358375e-03
4207            	3.68546155e-03
4208            	3.70167754e-03
4209            	3.70939591e-03
4210            	3.71427867e-03
4211            	3.72161273e-03
4212            	3.70681849e-03
4213            	3.68273068e-03
4214            	3.68768351e-03
4215            	3.69381471e-03
4216            	3.68753331e-03
4217            	3.69990924e-03
4218            	3.71323363e-03
4219            	3.71228959e-03
4220            	3.70836019e-03
4221            	3.70812372e-03
4222            	3.71196417e-03
4223            	3.70774178e-03
4224            	3.69623290e-03
4225            	3.68430380e-03
4226            	3.67608757e-03
4227            	3.67633556e-03
4228            	3.68039511e-03
4229            	3.69355516e-03
4230            	3.70988726e-03
4231            	3.72144600e-03
4232            	3.72998301e-03
4233            	3.70877461e-03
4234            	3.69001322e-03
4235            	3.67536817e-03
4236            	3.66598564e-03
4237            	3.68063858e-03
4238            	3.69786102e-03
4239            	3.70786061e-03
4240            	3.71294555e-03
4241            	3.71531261e-03
4242            	3.71651087e-03
4243            	3.72531253e-03
4244            	3.72317098e-03
4245            	3.70961384e-03
4246            	3.69772400e-03
4247            	3.68732984e-03
4248            	3.68540880e-03
4249            	3.69189508e-03
4250            	3.70078076e-03
4251            	3.70366918e-03
4252            	3.71281408e-03
4253            	3.71432607e-03
4254            	3.71174354e-03
4255            	3.70059282e-03
4256            	3.68809643e-03
4257            	3.68600084e-03
4258            	3.68249978e-03
4259            	3.68590760e-03
4260            	3.68050289e-03
4261            	3.67717470e-03
4262            	3.67494089e-03
4263            	3.68529495e-03
4264            	3.70197137e-03
4265            	3.71010631e-03
4266            	3.70499553e-03
4267            	3.70573851e-03
4268            	3.71247087e-03
4269            	3.70249887e-03
4270            	3.68873495e-03
4271            	3.69102899e-03
4272            	3.70287326e-03
4273            	3.70077120e-03
4274            	3.71015757e-03
4275            	3.71078023e-03
4276            	3.70389063e-03
4277            	3.70143792e-03
4278            	3.68944816e-03
4279            	3.68540468e-03
4280            	3.68484401e-03
4281            	3.67730631e-03
4282            	3.68086654e-03
4283            	3.68373094e-03
4284            	3.68444125e-03
4285            	3.69324835e-03
4286            	3.70660530e-03
4287            	3.71686665e-03
4288            	3.71847208e-03
4289            	3.71286990e-03
4290            	3.69337438e-03
4291            	3.67887815e-03
4292            	3.68756005e-03
4293            	3.69561268e-03
4294            	3.69124912e-03
4295            	3.69051181e-03
4296            	3.68607281e-03
4297            	3.68721411e-03
4298            	3.69367539e-03
4299            	3.70160387e-03
4300            	3.70407876e-03
4301            	3.70777025e-03
4302            	3.70554307e-03
4303            	3.68943629e-03
4304            	3.68693890e-03
4305            	3.68182204e-03
4306            	3.67707075e-03
4307            	3.67790102e-03
4308            	3.69043120e-03
4309            	3.69270573e-03
4310            	3.69568944e-03
4311            	3.69770913e-03
4312            	3.70380002e-03
4313            	3.70037803e-03
4314            	3.69798235e-03
4315            	3.70004566e-03
4316            	3.70546397e-03
4317            	3.70844311e-03
4318            	3.69639176e-03
4319            	3.68589235e-03
4320            	3.68840188e-03
4321            	3.68730819e-03
4322            	3.69786976e-03
4323            	3.70844799e-03
4324            	3.69786315e-03
4325            	3.69825822e-03
4326            	3.69872810e-03
4327            	3.69870877e-03
4328            	3.69693623e-03
4329            	3.68744545e-03
4330            	3.67266311e-03
4331            	3.66960296e-03
4332            	3.67456677e-03
4333            	3.68105956e-03
4334            	3.67804179e-03
4335            	3.68522036e-03
4336            	3.70747486e-03
4337            	3.73641624e-03
4338            	3.75231346e-03
4339            	3.72902093e-03
4340            	3.70388536e-03
4341            	3.69581461e-03
4342            	3.67351534e-03
4343            	3.66991780e-03
4344            	3.67320022e-03
4345            	3.68011074e-03
4346            	3.69518643e-03
4347            	3.70726393e-03
4348            	3.71461677e-03
4349            	3.71700147e-03
4350            	3.72257756e-03
4351            	3.71849143e-03
4352            	3.69973669e-03
4353            	3.68676942e-03
4354            	3.68102645e-03
4355            	3.67625029e-03
4356            	3.68448423e-03
4357            	3.69776309e-03
4358            	3.69431979e-03
4359            	3.69478376e-03
4360            	3.70518965e-03
4361            	3.71280853e-03
4362            	3.70460118e-03
4363            	3.69673137e-03
4364            	3.68582383e-03
4365            	3.68706962e-03
4366            	3.69327141e-03
4367            	3.69550144e-03
4368            	3.69504762e-03
4369            	3.69992678e-03
4370            	3.70628780e-03
4371            	3.71677953e-03
4372            	3.71767202e-03
4373            	3.70893616e-03
4374            	3.69983843e-03
4375            	3.69119507e-03
4376            	3.67870148e-03
4377            	3.67220251e-03
4378            	3.68251975e-03
4379            	3.69946057e-03
4380            	3.70957511e-03
4381            	3.71173970e-03
4382            	3.70307970e-03
4383            	3.68488929e-03
4384            	3.66337127e-03
4385            	3.65660286e-03
4386            	3.66655735e-03
4387            	3.67209912e-03
4388            	3.68510934e-03
4389            	3.70195477e-03
4390            	3.71096689e-03
4391            	3.72048596e-03
4392            	3.72039200e-03
4393            	3.70736982e-03
4394            	3.69338867e-03
4395            	3.69125862e-03
4396            	3.69519289e-03
4397            	3.70344435e-03
4398            	3.71585575e-03
4399            	3.72366302e-03
4400            	3.72177872e-03
4401            	3.71895589e-03
4402            	3.72028539e-03
4403            	3.70665793e-03
4404            	3.69308327e-03
4405            	3.67532222e-03
4406            	3.67254940e-03
4407            	3.67435251e-03
4408            	3.67348534e-03
4409            	3.67854737e-03
4410            	3.68974456e-03
4411            	3.70703149e-03
4412            	3.71776151e-03
4413            	3.71049818e-03
4414            	3.71284278e-03
4415            	3.71624700e-03
4416            	3.70872022e-03
4417            	3.70020653e-03
4418            	3.67834097e-03
4419            	3.66893765e-03
4420            	3.67668615e-03
4421            	3.69358002e-03
4422            	3.70365917e-03
4423            	3.70964194e-03
4424            	3.70870602e-03
4425            	3.70677648e-03
4426            	3.71612238e-03
4427            	3.72940351e-03
4428            	3.72209579e-03
4429            	3.70456312e-03
4430            	3.69667414e-03
4431            	3.68437223e-03
4432            	3.68102888e-03
4433            	3.68935634e-03
4434            	3.68240906e-03
4435            	3.68687372e-03
4436            	3.70864741e-03
4437            	3.71325842e-03
4438            	3.70692320e-03
4439            	3.69878415e-03
4440            	3.68265499e-03
4441            	3.67327125e-03
4442            	3.67883591e-03
4443            	3.68682239e-03
4444            	3.68772025e-03
4445            	3.67991274e-03
4446            	3.69112697e-03
4447            	3.70510490e-03
4448            	3.70460357e-03
4449            	3.70255589e-03
4450            	3.70139865e-03
4451            	3.70086048e-03
4452            	3.69200655e-03
4453            	3.68994760e-03
4454            	3.69062723e-03
4455            	3.68475544e-03
4456            	3.68424603e-03
4457            	3.69739947e-03
4458            	3.71104634e-03
4459            	3.71820095e-03
4460            	3.71366679e-03
4461            	3.70319259e-03
4462            	3.69828021e-03
4463            	3.69200391e-03
4464            	3.68828726e-03
4465            	3.68528274e-03
4466            	3.69746233e-03
4467            	3.69874630e-03
4468            	3.69531309e-03
4469            	3.69248748e-03
4470            	3.68680931e-03
4471            	3.68250233e-03
4472            	3.68925598e-03
4473            	3.70822944e-03
4474            	3.71048294e-03
4475            	3.70325021e-03
4476            	3.70023078e-03
4477            	3.69886411e-03
4478            	3.69518563e-03
4479            	3.68944765e-03
4480            	3.68294744e-03
4481            	3.66665600e-03
4482            	3.65762566e-03
4483            	3.67843784e-03
4484            	3.70782146e-03
4485            	3.72518128e-03
4486            	3.73046399e-03
4487            	3.71488192e-03
4488            	3.69426496e-03
4489            	3.69110642e-03
4490            	3.69490059e-03
4491            	3.70399196e-03
4492            	3.71363697e-03
4493            	3.71355134e-03
4494            	3.70406325e-03
4495            	3.69624881e-03
4496            	3.69038550e-03
4497            	3.69231647e-03
4498            	3.69887503e-03
4499            	3.71303890e-03
4500            	3.73264658e-03
4501            	3.73307916e-03
4502            	3.71539499e-03
4503            	3.69150692e-03
4504            	3.66863098e-03
4505            	3.65524667e-03
4506            	3.66254435e-03
4507            	3.67875038e-03
4508            	3.69562170e-03
4509            	3.71327124e-03
4510            	3.72118414e-03
4511            	3.70693398e-03
4512            	3.68903740e-03
4513            	3.68398488e-03
4514            	3.68161651e-03
4515            	3.68926478e-03
4516            	3.69527174e-03
4517            	3.69315139e-03
4518            	3.69693319e-03
4519            	3.71028695e-03
4520            	3.71971242e-03
4521            	3.71561890e-03
4522            	3.69346918e-03
4523            	3.66970673e-03
4524            	3.66807210e-03
4525            	3.68555220e-03
4526            	3.69531046e-03
4527            	3.70294817e-03
4528            	3.70355223e-03
4529            	3.70741751e-03
4530            	3.70544366e-03
4531            	3.69787365e-03
4532            	3.69677159e-03
4533            	3.69714127e-03
4534            	3.68952963e-03
4535            	3.69037211e-03
4536            	3.69624554e-03
4537            	3.71100448e-03
4538            	3.71746982e-03
4539            	3.70801776e-03
4540            	3.69144632e-03
4541            	3.66641259e-03
4542            	3.65630456e-03
4543            	3.66818402e-03
4544            	3.69004798e-03
4545            	3.70969143e-03
4546            	3.71872836e-03
4547            	3.71422769e-03
4548            	3.69737719e-03
4549            	3.68098510e-03
4550            	3.66678135e-03
4551            	3.67538623e-03
4552            	3.69349979e-03
4553            	3.71003963e-03
4554            	3.71593821e-03
4555            	3.71841310e-03
4556            	3.71414381e-03
4557            	3.70351050e-03
4558            	3.69791331e-03
4559            	3.70397742e-03
4560            	3.70981335e-03
4561            	3.71137617e-03
4562            	3.70691921e-03
4563            	3.70193006e-03
4564            	3.69730394e-03
4565            	3.68934235e-03
4566            	3.69299360e-03
4567            	3.68712051e-03
4568            	3.69445721e-03
4569            	3.70891873e-03
4570            	3.70570718e-03
4571            	3.70417062e-03
4572            	3.70240759e-03
4573            	3.69286058e-03
4574            	3.69380095e-03
4575            	3.69331720e-03
4576            	3.70319121e-03
4577            	3.70221830e-03
4578            	3.70634362e-03
4579            	3.71310588e-03
4580            	3.70271298e-03
4581            	3.68874812e-03
4582            	3.70017859e-03
4583            	3.69793305e-03
4584            	3.69354441e-03
4585            	3.69797276e-03
4586            	3.70389493e-03
4587            	3.69921515e-03
4588            	3.69445540e-03
4589            	3.68991796e-03
4590            	3.69183145e-03
4591            	3.70357325e-03
4592            	3.71525106e-03
4593            	3.70806426e-03
4594            	3.69619857e-03
4595            	3.69394815e-03
4596            	3.68622755e-03
4597            	3.67910578e-03
4598            	3.68576304e-03
4599            	3.70249289e-03
4600            	3.70930957e-03
4601            	3.70545215e-03
4602            	3.70659760e-03
4603            	3.70955825e-03
4604            	3.68976789e-03
4605            	3.68288905e-03
4606            	3.68142550e-03
4607            	3.68738452e-03
4608            	3.70562643e-03
4609            	3.71572298e-03
4610            	3.71873412e-03
4611            	3.70457884e-03
4612            	3.69293543e-03
4613            	3.69174527e-03
4614            	3.68726331e-03
4615            	3.68391668e-03
4616            	3.69049058e-03
4617            	3.68526706e-03
4618            	3.68831852e-03
4619            	3.71313794e-03
4620            	3.72744033e-03
4621            	3.72776984e-03
4622            	3.72353168e-03
4623            	3.70115362e-03
4624            	3.68669621e-03
4625            	3.68117749e-03
4626            	3.68402115e-03
4627            	3.70314374e-03
4628            	3.71783177e-03
4629            	3.71679422e-03
4630            	3.71503710e-03
4631            	3.71809793e-03
4632            	3.70970479e-03
4633            	3.69757424e-03
4634            	3.70194911e-03
4635            	3.70134447e-03
4636            	3.69358287e-03
4637            	3.69302893e-03
4638            	3.68942832e-03
4639            	3.68339893e-03
4640            	3.68849860e-03
4641            	3.69788956e-03
4642            	3.71495601e-03
4643            	3.72027303e-03
4644            	3.71728297e-03
4645            	3.70397533e-03
4646            	3.68069241e-03
4647            	3.67584847e-03
4648            	3.68367004e-03
4649            	3.69737278e-03
4650            	3.70106486e-03
4651            	3.71528278e-03
4652            	3.71952890e-03
4653            	3.71762892e-03
4654            	3.71338070e-03
4655            	3.70064229e-03
4656            	3.68635921e-03
4657            	3.67812432e-03
4658            	3.67494207e-03
4659            	3.68121660e-03
4660            	3.70334339e-03
4661            	3.72894920e-03
4662            	3.73324511e-03
4663            	3.71762694e-03
4664            	3.69746240e-03
4665            	3.67734655e-03
4666            	3.67356303e-03
4667            	3.68558017e-03
4668            	3.70262466e-03
4669            	3.70585034e-03
4670            	3.70749309e-03
4671            	3.70374037e-03
4672            	3.70774109e-03
4673            	3.70365840e-03
4674            	3.69254956e-03
4675            	3.69254479e-03
4676            	3.68940722e-03
4677            	3.68374911e-03
4678            	3.68266457e-03
4679            	3.69237510e-03
4680            	3.70375558e-03
4681            	3.70704387e-03
4682            	3.70922130e-03
4683            	3.71091689e-03
4684            	3.70005321e-03
4685            	3.67867378e-03
4686            	3.67491866e-03
4687            	3.68199345e-03
4688            	3.69243114e-03
4689            	3.70192937e-03
4690            	3.69706699e-03
4691            	3.69641451e-03
4692            	3.70684677e-03
4693            	3.72281206e-03
4694            	3.73631263e-03
4695            	3.72965891e-03
4696            	3.71643139e-03
4697            	3.70800319e-03
4698            	3.68488807e-03
4699            	3.68445430e-03
4700            	3.69818437e-03
4701            	3.71250088e-03
4702            	3.73016724e-03
4703            	3.72455935e-03
4704            	3.71590009e-03
4705            	3.70082772e-03
4706            	3.69474097e-03
4707            	3.69816460e-03
4708            	3.70455029e-03
4709            	3.71689935e-03
4710            	3.72233556e-03
4711            	3.71765787e-03
4712            	3.71728004e-03
4713            	3.70513550e-03
4714            	3.69275037e-03
4715            	3.67709499e-03
4716            	3.68641979e-03
4717            	3.70362260e-03
4718            	3.70518843e-03
4719            	3.69680314e-03
4720            	3.69056051e-03
4721            	3.70080616e-03
4722            	3.71766941e-03
4723            	3.72108260e-03
4724            	3.71867953e-03
4725            	3.69826567e-03
4726            	3.67518818e-03
4727            	3.66094904e-03
4728            	3.67696524e-03
4729            	3.70492642e-03
4730            	3.72821992e-03
4731            	3.73834852e-03
4732            	3.72619473e-03
4733            	3.69653507e-03
4734            	3.67817385e-03
4735            	3.68421350e-03
4736            	3.68768433e-03
4737            	3.67588773e-03
4738            	3.67630774e-03
4739            	3.68881987e-03
4740            	3.71213523e-03
4741            	3.71410405e-03
4742            	3.71156743e-03
4743            	3.70744085e-03
4744            	3.69631572e-03
4745            	3.67723246e-03
4746            	3.67539710e-03
4747            	3.67021864e-03
4748            	3.66919834e-03
4749            	3.68504722e-03
4750            	3.69729005e-03
4751            	3.71144244e-03
4752            	3.71393421e-03
4753            	3.69859176e-03
4754            	3.68203051e-03
4755            	3.67740169e-03
4756            	3.67877995e-03
4757            	3.68450769e-03
4758            	3.69638347e-03
4759            	3.69970289e-03
4760            	3.70212831e-03
4761            	3.69142245e-03
4762            	3.68690701e-03
4763            	3.70268093e-03
4764            	3.70761334e-03
4765            	3.70995848e-03
4766            	3.71434818e-03
4767            	3.71181728e-03
4768            	3.71316501e-03
4769            	3.70776654e-03
4770            	3.70509901e-03
4771            	3.70476858e-03
4772            	3.69359556e-03
4773            	3.68095346e-03
4774            	3.68229101e-03
4775            	3.67597500e-03
4776            	3.67509480e-03
4777            	3.68089032e-03
4778            	3.69115551e-03
4779            	3.69728235e-03
4780            	3.69590248e-03
4781            	3.71128685e-03
4782            	3.72484804e-03
4783            	3.70784258e-03
4784            	3.69075457e-03
4785            	3.68662478e-03
4786            	3.68639306e-03
4787            	3.69514269e-03
4788            	3.69572279e-03
4789            	3.69695391e-03
4790            	3.70284848e-03
4791            	3.70418069e-03
4792            	3.70455767e-03
4793            	3.70182768e-03
4794            	3.70065453e-03
4795            	3.69292458e-03
4796            	3.70010326e-03
4797            	3.70060048e-03
4798            	3.70148045e-03
4799            	3.71530326e-03
4800            	3.71628686e-03
4801            	3.71039217e-03
4802            	3.70242559e-03
4803            	3.69036724e-03
4804            	3.68334770e-03
4805            	3.67565720e-03
4806            	3.68632589e-03
4807            	3.71279741e-03
4808            	3.74122956e-03
4809            	3.74679472e-03
4810            	3.72736621e-03
4811            	3.69418677e-03
4812            	3.66816552e-03
4813            	3.65876592e-03
4814            	3.65764283e-03
4815            	3.67517552e-03
4816            	3.68853651e-03
4817            	3.69421805e-03
4818            	3.70465024e-03
4819            	3.70386161e-03
4820            	3.69842378e-03
4821            	3.69385020e-03
4822            	3.70361496e-03
4823            	3.70432369e-03
4824            	3.70334013e-03
4825            	3.70100777e-03
4826            	3.70194913e-03
4827            	3.70430266e-03
4828            	3.69589956e-03
4829            	3.69735363e-03
4830            	3.69964325e-03
4831            	3.70076917e-03
4832            	3.71220303e-03
4833            	3.72190031e-03
4834            	3.71604848e-03
4835            	3.70175922e-03
4836            	3.69856890e-03
4837            	3.70126691e-03
4838            	3.70247779e-03
4839            	3.70014610e-03
4840            	3.71198453e-03
4841            	3.71392505e-03
4842            	3.69524976e-03
4843            	3.67228648e-03
4844            	3.66568058e-03
4845            	3.66463858e-03
4846            	3.66787491e-03
4847            	3.67380689e-03
4848            	3.68490474e-03
4849            	3.69238336e-03
4850            	3.69606003e-03
4851            	3.70215018e-03
4852            	3.70961143e-03
4853            	3.70200788e-03
4854            	3.69784949e-03
4855            	3.68866653e-03
4856            	3.68516390e-03
4857            	3.68957042e-03
4858            	3.70661107e-03
4859            	3.70918058e-03
4860            	3.69465463e-03
4861            	3.68757992e-03
4862            	3.69042943e-03
4863            	3.70512657e-03
4864            	3.71664735e-03
4865            	3.72335985e-03
4866            	3.71316692e-03
4867            	3.69794597e-03
4868            	3.68379292e-03
4869            	3.67100734e-03
4870            	3.67697680e-03
4871            	3.68315649e-03
4872            	3.70218182e-03
4873            	3.71626027e-03
4874            	3.70756838e-03
4875            	3.70379456e-03
4876            	3.69442504e-03
4877            	3.67875871e-03
4878            	3.68153845e-03
4879            	3.68608296e-03
4880            	3.68446301e-03
4881            	3.68393678e-03
4882            	3.68693445e-03
4883            	3.70146841e-03
4884            	3.71104243e-03
4885            	3.70191768e-03
4886            	3.70384513e-03
4887            	3.71100500e-03
4888            	3.71165662e-03
4889            	3.70304996e-03
4890            	3.69030437e-03
4891            	3.67953238e-03
4892            	3.67499776e-03
4893            	3.67883615e-03
4894            	3.68816162e-03
4895            	3.70097938e-03
4896            	3.70584902e-03
4897            	3.70221382e-03
4898            	3.68814585e-03
4899            	3.67576585e-03
4900            	3.67308785e-03
4901            	3.66714297e-03
4902            	3.67765449e-03
4903            	3.70208658e-03
4904            	3.71600863e-03
4905            	3.72093078e-03
4906            	3.71487694e-03
4907            	3.70150730e-03
4908            	3.69584873e-03
4909            	3.70567399e-03
4910            	3.71280237e-03
4911            	3.70185859e-03
4912            	3.69436640e-03
4913            	3.68476352e-03
4914            	3.68674075e-03
4915            	3.69024816e-03
4916            	3.69108285e-03
4917            	3.69097676e-03
4918            	3.70080867e-03
4919            	3.69895092e-03
4920            	3.68381143e-03
4921            	3.67109373e-03
4922            	3.66797164e-03
4923            	3.66204521e-03
4924            	3.66271634e-03
4925            	3.67924993e-03
4926            	3.69943671e-03
4927            	3.71500611e-03
4928            	3.72451826e-03
4929            	3.73035797e-03
4930            	3.72084492e-03
4931            	3.70466493e-03
4932            	3.67956448e-03
4933            	3.66566998e-03
4934            	3.67323148e-03
4935            	3.69275632e-03
4936            	3.70055166e-03
4937            	3.72348212e-03
4938            	3.73768204e-03
4939            	3.72858946e-03
4940            	3.70434569e-03
4941            	3.69288487e-03
4942            	3.69142582e-03
4943            	3.69418604e-03
4944            	3.69327638e-03
4945            	3.70450994e-03
4946            	3.71955884e-03
4947            	3.71889996e-03
4948            	3.70527718e-03
4949            	3.69804154e-03
4950            	3.69444412e-03
4951            	3.69693810e-03
4952            	3.70114034e-03
4953            	3.69022028e-03
4954            	3.68290551e-03
4955            	3.67271028e-03
4956            	3.68094216e-03
4957            	3.69448591e-03
4958            	3.71708911e-03
4959            	3.72617020e-03
4960            	3.71826460e-03
4961            	3.69880613e-03
4962            	3.68989347e-03
4963            	3.67794041e-03
4964            	3.66961153e-03
4965            	3.68104371e-03
4966            	3.69917247e-03
4967            	3.72139350e-03
4968            	3.73704222e-03
4969            	3.73859349e-03
4970            	3.72377110e-03
4971            	3.70648955e-03
4972            	3.69376198e-03
4973            	3.69402991e-03
4974            	3.69304680e-03
4975            	3.69016535e-03
4976            	3.68443821e-03
4977            	3.67991545e-03
4978            	3.67873375e-03
4979            	3.68851388e-03
4980            	3.69575163e-03
4981            	3.69397350e-03
4982            	3.68785858e-03
4983            	3.68027439e-03
4984            	3.69011499e-03
4985            	3.70433097e-03
4986            	3.70376098e-03
4987            	3.70239042e-03
4988            	3.69654285e-03
4989            	3.70306009e-03
4990            	3.70438143e-03
4991            	3.70133662e-03
4992            	3.69553359e-03
4993            	3.68633958e-03
4994            	3.68306903e-03
4995            	3.69241637e-03
4996            	3.68717867e-03
4997            	3.69922195e-03
4998            	3.71078529e-03
4999            	3.70715449e-03
5000            	3.71521736e-03
5001            	3.71439327e-03
5002            	3.69751259e-03
5003            	3.68995478e-03
5004            	3.68461274e-03
5005            	3.70122658e-03
5006            	3.70735744e-03
5007            	3.70991210e-03
5008            	3.71142715e-03
5009            	3.70703202e-03
5010            	3.69370183e-03
5011            	3.68264694e-03
5012            	3.68322831e-03
5013            	3.69703463e-03
5014            	3.71614281e-03
5015            	3.71572908e-03
5016            	3.70248392e-03
5017            	3.68278929e-03
5018            	3.67283827e-03
5019            	3.66361271e-03
5020            	3.66319244e-03
5021            	3.67298990e-03
5022            	3.69500319e-03
5023            	3.71670555e-03
5024            	3.72270758e-03
5025            	3.72064767e-03
5026            	3.70374791e-03
5027            	3.68159683e-03
5028            	3.67925441e-03
5029            	3.68587844e-03
5030            	3.69037411e-03
5031            	3.69656965e-03
5032            	3.70330256e-03
5033            	3.69841225e-03
5034            	3.69486096e-03
5035            	3.69085757e-03
5036            	3.69096820e-03
5037            	3.70353566e-03
5038            	3.71787152e-03
5039            	3.72116731e-03
5040            	3.71880373e-03
5041            	3.71262834e-03
5042            	3.70346013e-03
5043            	3.69091774e-03
5044            	3.67847588e-03
5045            	3.66532405e-03
5046            	3.66448692e-03
5047            	3.66809341e-03
5048            	3.68281298e-03
5049            	3.70675031e-03
5050            	3.72236495e-03
5051            	3.71618640e-03
5052            	3.70301841e-03
5053            	3.69829962e-03
5054            	3.68832881e-03
5055            	3.67885032e-03
5056            	3.67809199e-03
5057            	3.68345127e-03
5058            	3.69714955e-03
5059            	3.69660995e-03
5060            	3.69512662e-03
5061            	3.70199967e-03
5062            	3.70527739e-03
5063            	3.70532957e-03
5064            	3.70454883e-03
5065            	3.70174173e-03
5066            	3.70234639e-03
5067            	3.70911267e-03
5068            	3.71136248e-03
5069            	3.70273744e-03
5070            	3.69805292e-03
5071            	3.68651215e-03
5072            	3.68553461e-03
5073            	3.69929696e-03
5074            	3.71419833e-03
5075            	3.72256312e-03
5076            	3.72333096e-03
5077            	3.70484879e-03
5078            	3.68534454e-03
5079            	3.68156959e-03
5080            	3.68978813e-03
5081            	3.70024357e-03
5082            	3.70817186e-03
5083            	3.70575508e-03
5084            	3.68731242e-03
5085            	3.67276918e-03
5086            	3.67731269e-03
5087            	3.69469174e-03
5088            	3.70873496e-03
5089            	3.70975395e-03
5090            	3.72969472e-03
5091            	3.73264474e-03
5092            	3.71746311e-03
5093            	3.68763229e-03
5094            	3.67204111e-03
5095            	3.67047391e-03
5096            	3.68493488e-03
5097            	3.70303052e-03
5098            	3.71006493e-03
5099            	3.70795873e-03
5100            	3.70477248e-03
5101            	3.71295826e-03
5102            	3.71283108e-03
5103            	3.70254194e-03
5104            	3.69668320e-03
5105            	3.68573746e-03
5106            	3.67818769e-03
5107            	3.68113585e-03
5108            	3.69112989e-03
5109            	3.69482377e-03
5110            	3.68984327e-03
5111            	3.69656094e-03
5112            	3.70237599e-03
5113            	3.70146406e-03
5114            	3.71458498e-03
5115            	3.71950396e-03
5116            	3.71682195e-03
5117            	3.69789252e-03
5118            	3.69305672e-03
5119            	3.70177551e-03
5120            	3.70652376e-03
5121            	3.70637213e-03
5122            	3.69978278e-03
5123            	3.69490927e-03
5124            	3.69586678e-03
5125            	3.70200232e-03
5126            	3.69941761e-03
5127            	3.70426900e-03
5128            	3.70175784e-03
5129            	3.69112629e-03
5130            	3.69060092e-03
5131            	3.69185897e-03
5132            	3.69305965e-03
5133            	3.69614646e-03
5134            	3.69412745e-03
5135            	3.70051364e-03
5136            	3.71058686e-03
5137            	3.71154396e-03
5138            	3.70510954e-03
5139            	3.69706666e-03
5140            	3.69032973e-03
5141            	3.69399155e-03
5142            	3.71158864e-03
5143            	3.72258031e-03
5144            	3.72870165e-03
5145            	3.71717585e-03
5146            	3.70343927e-03
5147            	3.68807430e-03
5148            	3.68541370e-03
5149            	3.68659220e-03
5150            	3.68349602e-03
5151            	3.68975028e-03
5152            	3.69475673e-03
5153            	3.69776667e-03
5154            	3.70955229e-03
5155            	3.71113986e-03
5156            	3.71948590e-03
5157            	3.71823529e-03
5158            	3.69846454e-03
5159            	3.68215540e-03
5160            	3.67547017e-03
5161            	3.67386863e-03
5162            	3.68481620e-03
5163            	3.69433233e-03
5164            	3.71281084e-03
5165            	3.71308539e-03
5166            	3.70066390e-03
5167            	3.69743307e-03
5168            	3.69961846e-03
5169            	3.70186092e-03
5170            	3.70252939e-03
5171            	3.71132251e-03
5172            	3.73080161e-03
5173            	3.73118294e-03
5174            	3.71583698e-03
5175            	3.69879148e-03
5176            	3.67721511e-03
5177            	3.67549601e-03
5178            	3.68237808e-03
5179            	3.69775115e-03
5180            	3.70269547e-03
5181            	3.69837272e-03
5182            	3.69305896e-03
5183            	3.68356109e-03
5184            	3.68690208e-03
5185            	3.69357205e-03
5186            	3.69696031e-03
5187            	3.70072435e-03
5188            	3.70397739e-03
5189            	3.70303313e-03
5190            	3.69989144e-03
5191            	3.70443696e-03
5192            	3.70154368e-03
5193            	3.69309062e-03
5194            	3.69328197e-03
5195            	3.69319549e-03
5196            	3.70010483e-03
5197            	3.69085831e-03
5198            	3.67960005e-03
5199            	3.67418513e-03
5200            	3.66957551e-03
5201            	3.68159992e-03
5202            	3.70869875e-03
5203            	3.71978700e-03
5204            	3.72511839e-03
5205            	3.71887682e-03
5206            	3.70711181e-03
5207            	3.68631633e-03
5208            	3.67310632e-03
5209            	3.68056389e-03
5210            	3.69892605e-03
5211            	3.69480599e-03
5212            	3.69784585e-03
5213            	3.69893447e-03
5214            	3.68653235e-03
5215            	3.67667368e-03
5216            	3.67116277e-03
5217            	3.67078368e-03
5218            	3.69099228e-03
5219            	3.71961368e-03
5220            	3.73155164e-03
5221            	3.71898508e-03
5222            	3.70879293e-03
5223            	3.69931735e-03
5224            	3.70697745e-03
5225            	3.71207936e-03
5226            	3.70395164e-03
5227            	3.69710662e-03
5228            	3.68805782e-03
5229            	3.68630194e-03
5230            	3.67576473e-03
5231            	3.68280323e-03
5232            	3.70540887e-03
5233            	3.71860594e-03
5234            	3.71302993e-03
5235            	3.70501135e-03
5236            	3.68241329e-03
5237            	3.68156360e-03
5238            	3.70140190e-03
5239            	3.71837743e-03
5240            	3.71540404e-03
5241            	3.72531480e-03
5242            	3.71302124e-03
5243            	3.69061030e-03
5244            	3.68182358e-03
5245            	3.67858419e-03
5246            	3.67288168e-03
5247            	3.66379884e-03
5248            	3.65908421e-03
5249            	3.67268161e-03
5250            	3.70784438e-03
5251            	3.72964236e-03
5252            	3.72756258e-03
5253            	3.71092363e-03
5254            	3.69462247e-03
5255            	3.68452567e-03
5256            	3.69415898e-03
5257            	3.70002285e-03
5258            	3.69772990e-03
5259            	3.69355127e-03
5260            	3.69680446e-03
5261            	3.70506426e-03
5262            	3.70762283e-03
5263            	3.69578402e-03
5264            	3.67682502e-03
5265            	3.67258998e-03
5266            	3.67816237e-03
5267            	3.68715299e-03
5268            	3.69322916e-03
5269            	3.70924608e-03
5270            	3.72338907e-03
5271            	3.73434673e-03
5272            	3.73468322e-03
5273            	3.70914913e-03
5274            	3.69487597e-03
5275            	3.68850926e-03
5276            	3.67903997e-03
5277            	3.68240122e-03
5278            	3.68127556e-03
5279            	3.67685619e-03
5280            	3.67734391e-03
5281            	3.67791421e-03
5282            	3.69029245e-03
5283            	3.70998275e-03
5284            	3.72415375e-03
5285            	3.71995947e-03
5286            	3.70836112e-03
5287            	3.69580767e-03
5288            	3.68391677e-03
5289            	3.68135620e-03
5290            	3.67761644e-03
5291            	3.67998410e-03
5292            	3.67809798e-03
5293            	3.67863708e-03
5294            	3.68402961e-03
5295            	3.69594939e-03
5296            	3.71799440e-03
5297            	3.73555602e-03
5298            	3.73997834e-03
5299            	3.73161094e-03
5300            	3.71198763e-03
5301            	3.69589152e-03
5302            	3.68937092e-03
5303            	3.68531659e-03
5304            	3.69224232e-03
5305            	3.69460248e-03
5306            	3.69249178e-03
5307            	3.68581906e-03
5308            	3.68395654e-03
5309            	3.68856579e-03
5310            	3.68797350e-03
5311            	3.68391358e-03
5312            	3.69096123e-03
5313            	3.68712635e-03
5314            	3.69819548e-03
5315            	3.71195390e-03
5316            	3.70304508e-03
5317            	3.69290118e-03
5318            	3.69104499e-03
5319            	3.70231725e-03
5320            	3.69540264e-03
5321            	3.68637114e-03
5322            	3.68503579e-03
5323            	3.68092510e-03
5324            	3.68576291e-03
5325            	3.69638741e-03
5326            	3.70393925e-03
5327            	3.70759444e-03
5328            	3.70310716e-03
5329            	3.70311462e-03
5330            	3.70310465e-03
5331            	3.70119167e-03
5332            	3.69809583e-03
5333            	3.69025479e-03
5334            	3.69837181e-03
5335            	3.70957936e-03
5336            	3.72505501e-03
5337            	3.72587828e-03
5338            	3.70843167e-03
5339            	3.68346246e-03
5340            	3.67548304e-03
5341            	3.67411643e-03
5342            	3.67662060e-03
5343            	3.68099966e-03
5344            	3.69034748e-03
5345            	3.70234109e-03
5346            	3.70587625e-03
5347            	3.71153970e-03
5348            	3.71257623e-03
5349            	3.71051885e-03
5350            	3.70696884e-03
5351            	3.70570059e-03
5352            	3.70563809e-03
5353            	3.71331038e-03
5354            	3.70309411e-03
5355            	3.68887812e-03
5356            	3.68244651e-03
5357            	3.68439900e-03
5358            	3.67816369e-03
5359            	3.67702022e-03
5360            	3.69015799e-03
5361            	3.70024534e-03
5362            	3.71068635e-03
5363            	3.72247044e-03
5364            	3.71497482e-03
5365            	3.69433938e-03
5366            	3.68694762e-03
5367            	3.68564274e-03
5368            	3.69142529e-03
5369            	3.70414076e-03
5370            	3.71176291e-03
5371            	3.70881104e-03
5372            	3.70944716e-03
5373            	3.70413088e-03
5374            	3.69490409e-03
5375            	3.69476501e-03
5376            	3.70583760e-03
5377            	3.69555351e-03
5378            	3.68834793e-03
5379            	3.68468629e-03
5380            	3.68547421e-03
5381            	3.68891610e-03
5382            	3.70497581e-03
5383            	3.71027362e-03
5384            	3.70590857e-03
5385            	3.71173815e-03
5386            	3.72420162e-03
5387            	3.71603687e-03
5388            	3.70518317e-03
5389            	3.70197031e-03
5390            	3.70986921e-03
5391            	3.70411530e-03
5392            	3.70522699e-03
5393            	3.71359299e-03
5394            	3.70266096e-03
5395            	3.69911775e-03
5396            	3.69790132e-03
5397            	3.69407570e-03
5398            	3.68900061e-03
5399            	3.69148060e-03
5400            	3.70607219e-03
5401            	3.71002741e-03
5402            	3.69831004e-03
5403            	3.68799288e-03
5404            	3.69646605e-03
5405            	3.70735134e-03
5406            	3.70444549e-03
5407            	3.70681354e-03
5408            	3.71816803e-03
5409            	3.71874784e-03
5410            	3.69666064e-03
5411            	3.68421262e-03
5412            	3.68325897e-03
5413            	3.68714746e-03
5414            	3.68814376e-03
5415            	3.69315935e-03
5416            	3.70061607e-03
5417            	3.70029090e-03
5418            	3.70162698e-03
5419            	3.68747257e-03
5420            	3.67886738e-03
5421            	3.69179423e-03
5422            	3.70935310e-03
5423            	3.72456437e-03
5424            	3.73471037e-03
5425            	3.71753469e-03
5426            	3.69981656e-03
5427            	3.68872905e-03
5428            	3.68124680e-03
5429            	3.68745987e-03
5430            	3.69000138e-03
5431            	3.67937949e-03
5432            	3.67926221e-03
5433            	3.68489803e-03
5434            	3.69795245e-03
5435            	3.70536851e-03
5436            	3.70092285e-03
5437            	3.70097488e-03
5438            	3.70213462e-03
5439            	3.70497360e-03
5440            	3.71555211e-03
5441            	3.72111939e-03
5442            	3.71030024e-03
5443            	3.69542309e-03
5444            	3.69415598e-03
5445            	3.69521163e-03
5446            	3.69056294e-03
5447            	3.68806848e-03
5448            	3.67626482e-03
5449            	3.67390097e-03
5450            	3.67928879e-03
5451            	3.68969819e-03
5452            	3.70523080e-03
5453            	3.70780968e-03
5454            	3.71330570e-03
5455            	3.70578478e-03
5456            	3.69484482e-03
5457            	3.68507186e-03
5458            	3.67835912e-03
5459            	3.67949194e-03
5460            	3.68717339e-03
5461            	3.71029273e-03
5462            	3.71180446e-03
5463            	3.70579163e-03
5464            	3.69530556e-03
5465            	3.69809559e-03
5466            	3.70083715e-03
5467            	3.69818759e-03
5468            	3.69910756e-03
5469            	3.69563415e-03
5470            	3.69419242e-03
5471            	3.69139239e-03
5472            	3.69646537e-03
5473            	3.69781559e-03
5474            	3.68927143e-03
5475            	3.68720380e-03
5476            	3.68530338e-03
5477            	3.67781493e-03
5478            	3.68061702e-03
5479            	3.69861714e-03
5480            	3.71552140e-03
5481            	3.71311328e-03
5482            	3.69638843e-03
5483            	3.68360078e-03
5484            	3.69309625e-03
5485            	3.70703308e-03
5486            	3.70216010e-03
5487            	3.70225224e-03
5488            	3.69346415e-03
5489            	3.68321889e-03
5490            	3.68403002e-03
5491            	3.69651338e-03
5492            	3.70147766e-03
5493            	3.71491321e-03
5494            	3.70826987e-03
5495            	3.70287215e-03
5496            	3.68220029e-03
5497            	3.66921161e-03
5498            	3.66171500e-03
5499            	3.67271942e-03
5500            	3.69444343e-03
5501            	3.70895710e-03
5502            	3.72722578e-03
5503            	3.73284638e-03
5504            	3.71199797e-03
5505            	3.70256127e-03
5506            	3.70322661e-03
5507            	3.69421074e-03
5508            	3.68273310e-03
5509            	3.68170005e-03
5510            	3.68031603e-03
5511            	3.68672309e-03
5512            	3.69785685e-03
5513            	3.71158828e-03
5514            	3.72439615e-03
5515            	3.71478835e-03
5516            	3.70066519e-03
5517            	3.68737667e-03
5518            	3.67774402e-03
5519            	3.68505624e-03
5520            	3.69417307e-03
5521            	3.69687268e-03
5522            	3.68893950e-03
5523            	3.68630074e-03
5524            	3.69481043e-03
5525            	3.69270457e-03
5526            	3.68251216e-03
5527            	3.67943143e-03
5528            	3.68707655e-03
5529            	3.68603235e-03
5530            	3.67989527e-03
5531            	3.68670441e-03
5532            	3.69821009e-03
5533            	3.69503749e-03
5534            	3.69607006e-03
5535            	3.70482005e-03
5536            	3.70566472e-03
5537            	3.71039523e-03
5538            	3.70923201e-03
5539            	3.70818632e-03
5540            	3.72290243e-03
5541            	3.72976792e-03
5542            	3.71072680e-03
5543            	3.68837373e-03
5544            	3.67728724e-03
5545            	3.67482356e-03
5546            	3.68611984e-03
5547            	3.69725817e-03
5548            	3.70207108e-03
5549            	3.70254518e-03
5550            	3.70032613e-03
5551            	3.68957981e-03
5552            	3.68391378e-03
5553            	3.68835912e-03
5554            	3.69090038e-03
5555            	3.69082812e-03
5556            	3.69532020e-03
5557            	3.70003885e-03
5558            	3.69697360e-03
5559            	3.69259487e-03
5560            	3.68756953e-03
5561            	3.67076261e-03
5562            	3.65880131e-03
5563            	3.67185426e-03
5564            	3.68698396e-03
5565            	3.70646462e-03
5566            	3.72812037e-03
5567            	3.74091077e-03
5568            	3.73105016e-03
5569            	3.71708378e-03
5570            	3.70067496e-03
5571            	3.69348682e-03
5572            	3.69260611e-03
5573            	3.67432604e-03
5574            	3.68376060e-03
5575            	3.70756458e-03
5576            	3.71740355e-03
5577            	3.72092871e-03
5578            	3.71597167e-03
5579            	3.69298859e-03
5580            	3.67908208e-03
5581            	3.67181995e-03
5582            	3.67783113e-03
5583            	3.69528531e-03
5584            	3.71926693e-03
5585            	3.72706265e-03
5586            	3.71588581e-03
5587            	3.69618752e-03
5588            	3.67745534e-03
5589            	3.67133052e-03
5590            	3.67857932e-03
5591            	3.68757255e-03
5592            	3.69276975e-03
5593            	3.70310413e-03
5594            	3.71431551e-03
5595            	3.72700129e-03
5596            	3.73251716e-03
5597            	3.72154699e-03
5598            	3.70577838e-03
5599            	3.69602245e-03
5600            	3.68478803e-03
5601            	3.68757363e-03
5602            	3.69230179e-03
5603            	3.71289883e-03
5604            	3.72335249e-03
5605            	3.71474501e-03
5606            	3.69797446e-03
5607            	3.68490429e-03
5608            	3.68176692e-03
5609            	3.68021103e-03
5610            	3.66807369e-03
5611            	3.67192507e-03
5612            	3.68268788e-03
5613            	3.68827533e-03
5614            	3.70243067e-03
5615            	3.70809004e-03
5616            	3.69744682e-03
5617            	3.69774020e-03
5618            	3.69628868e-03
5619            	3.69261895e-03
5620            	3.68611509e-03
5621            	3.68257210e-03
5622            	3.69104471e-03
5623            	3.70605263e-03
5624            	3.71411947e-03
5625            	3.71372836e-03
5626            	3.71599280e-03
5627            	3.70584456e-03
5628            	3.68673409e-03
5629            	3.67256595e-03
5630            	3.66786123e-03
5631            	3.67771941e-03
5632            	3.69265043e-03
5633            	3.70660995e-03
5634            	3.71027952e-03
5635            	3.70099478e-03
5636            	3.69692760e-03
5637            	3.69992626e-03
5638            	3.69476856e-03
5639            	3.68109063e-03
5640            	3.67765323e-03
5641            	3.69348410e-03
5642            	3.70931456e-03
5643            	3.72635452e-03
5644            	3.72388711e-03
5645            	3.71009405e-03
5646            	3.68951994e-03
5647            	3.67941175e-03
5648            	3.69796215e-03
5649            	3.71874558e-03
5650            	3.72266771e-03
5651            	3.72288092e-03
5652            	3.71288498e-03
5653            	3.69479189e-03
5654            	3.68443853e-03
5655            	3.68565297e-03
5656            	3.67690858e-03
5657            	3.67038983e-03
5658            	3.67659883e-03
5659            	3.69434085e-03
5660            	3.71062099e-03
5661            	3.71154733e-03
5662            	3.70940555e-03
5663            	3.69764506e-03
5664            	3.69719103e-03
5665            	3.69474241e-03
5666            	3.68373720e-03
5667            	3.68697376e-03
5668            	3.68930532e-03
5669            	3.69432456e-03
5670            	3.69775445e-03
5671            	3.70136504e-03
5672            	3.70596283e-03
5673            	3.69383792e-03
5674            	3.67894548e-03
5675            	3.68025824e-03
5676            	3.69103972e-03
5677            	3.70195141e-03
5678            	3.70873993e-03
5679            	3.70909865e-03
5680            	3.69789639e-03
5681            	3.68779825e-03
5682            	3.67352705e-03
5683            	3.68375533e-03
5684            	3.68798495e-03
5685            	3.69003631e-03
5686            	3.68747489e-03
5687            	3.67427474e-03
5688            	3.66844334e-03
5689            	3.67242485e-03
5690            	3.69428020e-03
5691            	3.71013744e-03
5692            	3.71592989e-03
5693            	3.73186715e-03
5694            	3.73138216e-03
5695            	3.70963561e-03
5696            	3.68927284e-03
5697            	3.67559708e-03
5698            	3.67202835e-03
5699            	3.67591537e-03
5700            	3.69001831e-03
5701            	3.70000519e-03
5702            	3.71531274e-03
5703            	3.71954673e-03
5704            	3.71475663e-03
5705            	3.69346820e-03
5706            	3.68780644e-03
5707            	3.69090636e-03
5708            	3.67697562e-03
5709            	3.67653962e-03
5710            	3.68412389e-03
5711            	3.69248589e-03
5712            	3.70068661e-03
5713            	3.70424290e-03
5714            	3.70435970e-03
5715            	3.68914811e-03
5716            	3.67719167e-03
5717            	3.66515607e-03
5718            	3.67255387e-03
5719            	3.69495506e-03
5720            	3.70713321e-03
5721            	3.70444833e-03
5722            	3.70004439e-03
5723            	3.70134994e-03
5724            	3.70634538e-03
5725            	3.71357063e-03
5726            	3.71374365e-03
5727            	3.69822211e-03
5728            	3.69022644e-03
5729            	3.69505364e-03
5730            	3.68819040e-03
5731            	3.67592618e-03
5732            	3.67103615e-03
5733            	3.68533036e-03
5734            	3.68789833e-03
5735            	3.70615362e-03
5736            	3.72820072e-03
5737            	3.73451618e-03
5738            	3.72340346e-03
5739            	3.70360740e-03
5740            	3.69130717e-03
5741            	3.69314126e-03
5742            	3.69727962e-03
5743            	3.70077773e-03
5744            	3.70191468e-03
5745            	3.69197978e-03
5746            	3.68821542e-03
5747            	3.68269597e-03
5748            	3.67613706e-03
5749            	3.67249285e-03
5750            	3.68207348e-03
5751            	3.70235005e-03
5752            	3.72230101e-03
5753            	3.71835227e-03
5754            	3.70867616e-03
5755            	3.70566447e-03
5756            	3.70791955e-03
5757            	3.70460568e-03
5758            	3.69794597e-03
5759            	3.69638633e-03
5760            	3.70142958e-03
5761            	3.69928811e-03
5762            	3.69757799e-03
5763            	3.69497164e-03
5764            	3.69968768e-03
5765            	3.69261763e-03
5766            	3.68164690e-03
5767            	3.67773628e-03
5768            	3.68417558e-03
5769            	3.69612370e-03
5770            	3.71515236e-03
5771            	3.72787126e-03
5772            	3.72267799e-03
5773            	3.71015614e-03
5774            	3.68943807e-03
5775            	3.67533897e-03
5776            	3.67074717e-03
5777            	3.67789443e-03
5778            	3.70072121e-03
5779            	3.72647147e-03
5780            	3.73098065e-03
5781            	3.71849827e-03
5782            	3.69657104e-03
5783            	3.67787112e-03
5784            	3.67059446e-03
5785            	3.67289052e-03
5786            	3.68343351e-03
5787            	3.69275686e-03
5788            	3.70113624e-03
5789            	3.71428965e-03
5790            	3.71074484e-03
5791            	3.70252658e-03
5792            	3.70185643e-03
5793            	3.68639831e-03
5794            	3.68176744e-03
5795            	3.68985083e-03
5796            	3.70633834e-03
5797            	3.71542741e-03
5798            	3.72138935e-03
5799            	3.71599629e-03
5800            	3.70946566e-03
5801            	3.71476851e-03
5802            	3.71132723e-03
5803            	3.70573135e-03
5804            	3.69379858e-03
5805            	3.68663240e-03
5806            	3.68720203e-03
5807            	3.69971885e-03
5808            	3.70918285e-03
5809            	3.71175838e-03
5810            	3.70348640e-03
5811            	3.69822511e-03
5812            	3.69860169e-03
5813            	3.69159570e-03
5814            	3.68988858e-03
5815            	3.68701552e-03
5816            	3.68781724e-03
5817            	3.70331418e-03
5818            	3.71426454e-03
5819            	3.72137187e-03
5820            	3.72409971e-03
5821            	3.71691193e-03
5822            	3.70372561e-03
5823            	3.68667648e-03
5824            	3.67520979e-03
5825            	3.67483033e-03
5826            	3.68622438e-03
5827            	3.70044990e-03
5828            	3.70521680e-03
5829            	3.70486203e-03
5830            	3.70142201e-03
5831            	3.69776628e-03
5832            	3.69346912e-03
5833            	3.70596867e-03
5834            	3.73004332e-03
5835            	3.74260831e-03
5836            	3.73646083e-03
5837            	3.71914888e-03
5838            	3.70519843e-03
5839            	3.68811789e-03
5840            	3.67074219e-03
5841            	3.67294027e-03
5842            	3.69763911e-03
5843            	3.71088481e-03
5844            	3.70058233e-03
5845            	3.70303877e-03
5846            	3.69931314e-03
5847            	3.69308060e-03
5848            	3.70069352e-03
5849            	3.69502191e-03
5850            	3.68680686e-03
5851            	3.68601997e-03
5852            	3.70247635e-03
5853            	3.70705357e-03
5854            	3.70248254e-03
5855            	3.71398124e-03
5856            	3.71830476e-03
5857            	3.70511364e-03
5858            	3.70025547e-03
5859            	3.68592616e-03
5860            	3.68973986e-03
5861            	3.70706577e-03
5862            	3.71393911e-03
5863            	3.71315969e-03
5864            	3.69670708e-03
5865            	3.68774776e-03
5866            	3.69940272e-03
5867            	3.70696828e-03
5868            	3.70937245e-03
5869            	3.70961926e-03
5870            	3.72050488e-03
5871            	3.71635901e-03
5872            	3.70784287e-03
5873            	3.70142010e-03
5874            	3.68741393e-03
5875            	3.68346541e-03
5876            	3.69410518e-03
5877            	3.70774626e-03
5878            	3.71390393e-03
5879            	3.70972103e-03
5880            	3.69794502e-03
5881            	3.70110915e-03
5882            	3.70378050e-03
5883            	3.70564313e-03
5884            	3.71230658e-03
5885            	3.71506151e-03
5886            	3.70903213e-03
5887            	3.70367003e-03
5888            	3.69480825e-03
5889            	3.67716492e-03
5890            	3.67240294e-03
5891            	3.66934500e-03
5892            	3.67922883e-03
5893            	3.69413363e-03
5894            	3.71442253e-03
5895            	3.72985279e-03
5896            	3.73471183e-03
5897            	3.72802901e-03
5898            	3.70735369e-03
5899            	3.69006407e-03
5900            	3.67574135e-03
5901            	3.68263493e-03
5902            	3.69873777e-03
5903            	3.71699686e-03
5904            	3.72449672e-03
5905            	3.72065454e-03
5906            	3.70538243e-03
5907            	3.68542672e-03
5908            	3.67886972e-03
5909            	3.68956182e-03
5910            	3.69968043e-03
5911            	3.71799251e-03
5912            	3.73110132e-03
5913            	3.72753451e-03
5914            	3.70817121e-03
5915            	3.68680164e-03
5916            	3.67558132e-03
5917            	3.67058615e-03
5918            	3.68186218e-03
5919            	3.68303377e-03
5920            	3.68049464e-03
5921            	3.68388193e-03
5922            	3.69392072e-03
5923            	3.69435780e-03
5924            	3.70356153e-03
5925            	3.71710006e-03
5926            	3.72851171e-03
5927            	3.71449670e-03
5928            	3.70115217e-03
5929            	3.69074278e-03
5930            	3.69144180e-03
5931            	3.69517310e-03
5932            	3.70833426e-03
5933            	3.71788877e-03
5934            	3.72609441e-03
5935            	3.71528565e-03
5936            	3.69984577e-03
5937            	3.69640042e-03
5938            	3.69563135e-03
5939            	3.70369267e-03
5940            	3.70169661e-03
5941            	3.69282480e-03
5942            	3.69787826e-03
5943            	3.69968845e-03
5944            	3.69477769e-03
5945            	3.69428997e-03
5946            	3.70232357e-03
5947            	3.70887521e-03
5948            	3.71444837e-03
5949            	3.71383382e-03
5950            	3.70877148e-03
5951            	3.69774561e-03
5952            	3.68052010e-03
5953            	3.67579783e-03
5954            	3.68485467e-03
5955            	3.69077508e-03
5956            	3.69795121e-03
5957            	3.70316543e-03
5958            	3.69478918e-03
5959            	3.69364275e-03
5960            	3.69713716e-03
5961            	3.69892599e-03
5962            	3.71191803e-03
5963            	3.71683454e-03
5964            	3.70186723e-03
5965            	3.69754959e-03
5966            	3.70364948e-03
5967            	3.70036380e-03
5968            	3.70309040e-03
5969            	3.70585515e-03
5970            	3.70076597e-03
5971            	3.68846845e-03
5972            	3.68400327e-03
5973            	3.68362366e-03
5974            	3.68421257e-03
5975            	3.69641223e-03
5976            	3.69715462e-03
5977            	3.70384364e-03
5978            	3.71379627e-03
5979            	3.71853249e-03
5980            	3.71295550e-03
5981            	3.70543300e-03
5982            	3.69441794e-03
5983            	3.69028268e-03
5984            	3.67891886e-03
5985            	3.67175823e-03
5986            	3.66652373e-03
5987            	3.67208593e-03
5988            	3.68980157e-03
5989            	3.69399806e-03
5990            	3.70446386e-03
5991            	3.70557316e-03
5992            	3.70992240e-03
5993            	3.70814733e-03
5994            	3.70205421e-03
5995            	3.69886889e-03
5996            	3.70652259e-03
5997            	3.71859273e-03
5998            	3.71783709e-03
5999            	3.70521469e-03
6000            	3.68893706e-03
